<keymap version="1" name="VSCode copy" parent="VSCode">
  <action id="ChangesView.AddUnversioned">
    <keyboard-shortcut first-keystroke="ctrl alt a" />
  </action>
  <action id="ChangesView.ShelveSilently">
    <keyboard-shortcut first-keystroke="shift ctrl h" />
  </action>
  <action id="ChangesView.UnshelveSilently">
    <keyboard-shortcut first-keystroke="ctrl alt u" />
  </action>
  <action id="Code.Review.Editor.New.Comment">
    <keyboard-shortcut first-keystroke="shift ctrl x" />
  </action>
  <action id="CodeGlancePro.disable">
    <keyboard-shortcut first-keystroke="shift ctrl alt g" />
  </action>
  <action id="CodeGlancePro.toggle">
    <keyboard-shortcut first-keystroke="shift ctrl g" />
  </action>
  <action id="CompilationChartsZoomInAction">
    <keyboard-shortcut first-keystroke="ctrl add" />
  </action>
  <action id="CompilationChartsZoomOutAction">
    <keyboard-shortcut first-keystroke="ctrl subtract" />
  </action>
  <action id="CompilationChartsZoomResetAction">
    <keyboard-shortcut first-keystroke="shift ctrl equals" />
  </action>
  <action id="CompileFile">
    <keyboard-shortcut first-keystroke="shift ctrl f9" />
  </action>
  <action id="Console.Jdbc.BrowseHistory">
    <keyboard-shortcut first-keystroke="ctrl alt e" />
  </action>
  <action id="Console.Jdbc.Cancel">
    <keyboard-shortcut first-keystroke="shift f5" />
  </action>
  <action id="Console.TableResult.AddColumn">
    <keyboard-shortcut first-keystroke="shift alt insert" />
  </action>
  <action id="Console.TableResult.AddRow">
    <keyboard-shortcut first-keystroke="alt insert" />
  </action>
  <action id="Console.TableResult.CloneColumn">
    <keyboard-shortcut first-keystroke="shift ctrl alt d" />
  </action>
  <action id="Console.TableResult.CloneRow">
    <keyboard-shortcut first-keystroke="ctrl d" />
  </action>
  <action id="Console.TableResult.ColumnSortAsc">
    <keyboard-shortcut first-keystroke="alt up" />
  </action>
  <action id="Console.TableResult.ColumnSortDesc">
    <keyboard-shortcut first-keystroke="alt down" />
  </action>
  <action id="Console.TableResult.ColumnSortReset">
    <keyboard-shortcut first-keystroke="shift ctrl alt back_space" />
  </action>
  <action id="Console.TableResult.Copy">
    <keyboard-shortcut first-keystroke="ctrl c" />
    <keyboard-shortcut first-keystroke="ctrl insert" />
  </action>
  <action id="Console.TableResult.CopyAggregatorResult">
    <keyboard-shortcut first-keystroke="shift alt c" />
    <keyboard-shortcut first-keystroke="ctrl k" second-keystroke="p" />
  </action>
  <action id="Console.TableResult.DeleteColumns">
    <keyboard-shortcut first-keystroke="shift alt delete" />
  </action>
  <action id="Console.TableResult.DeleteRows">
    <keyboard-shortcut first-keystroke="shift ctrl k" />
  </action>
  <action id="Console.TableResult.EditFilterCriteria">
    <keyboard-shortcut first-keystroke="shift ctrl alt f" />
  </action>
  <action id="Console.TableResult.EditValueMaximized">
    <keyboard-shortcut first-keystroke="shift enter" />
    <keyboard-shortcut first-keystroke="shift alt enter" />
  </action>
  <action id="Console.TableResult.FindInGrid">
    <keyboard-shortcut first-keystroke="ctrl f" />
  </action>
  <action id="Console.TableResult.GotoReferencedResult">
    <keyboard-shortcut first-keystroke="alt enter" />
    <keyboard-shortcut first-keystroke="f2" />
  </action>
  <action id="Console.TableResult.GotoReferencingResult">
    <keyboard-shortcut first-keystroke="f12" />
  </action>
  <action id="Console.TableResult.HideEditMaximized">
    <keyboard-shortcut first-keystroke="ctrl j" />
  </action>
  <action id="Console.TableResult.MaximizeEditingCell">
    <keyboard-shortcut first-keystroke="shift ctrl alt m" />
  </action>
  <action id="Console.TableResult.NavigateAction">
    <keyboard-shortcut first-keystroke="f4" />
  </action>
  <action id="Console.TableResult.OpenLocalFileAction">
    <keyboard-shortcut first-keystroke="f4" />
  </action>
  <action id="Console.TableResult.OpenWebUrlAction">
    <keyboard-shortcut first-keystroke="f4" />
  </action>
  <action id="Console.TableResult.RevertSelected">
    <keyboard-shortcut first-keystroke="ctrl alt z" />
  </action>
  <action id="Console.TableResult.SelectRow">
    <keyboard-shortcut first-keystroke="shift space" />
  </action>
  <action id="Console.TableResult.SetDefault">
    <keyboard-shortcut first-keystroke="ctrl alt d" />
  </action>
  <action id="Console.TableResult.SetNull">
    <keyboard-shortcut first-keystroke="ctrl alt n" />
  </action>
  <action id="Console.TableResult.ShowRecordView">
    <keyboard-shortcut first-keystroke="shift ctrl enter" />
  </action>
  <action id="Console.TableResult.SubmitAndCommit">
    <keyboard-shortcut first-keystroke="shift ctrl alt enter" />
  </action>
  <action id="Console.Transaction.Commit">
    <keyboard-shortcut first-keystroke="shift ctrl alt enter" />
  </action>
  <action id="ConvertJavaToKotlin">
    <keyboard-shortcut first-keystroke="shift ctrl alt k" />
  </action>
  <action id="CopyNotebookPathAction">
    <keyboard-shortcut first-keystroke="shift alt c" />
    <keyboard-shortcut first-keystroke="ctrl k" second-keystroke="p" />
  </action>
  <action id="DSM.GoToNextCycle">
    <keyboard-shortcut first-keystroke="alt f8" />
  </action>
  <action id="DSM.OpenInEditor">
    <keyboard-shortcut first-keystroke="f4" />
  </action>
  <action id="DSM.ZoomOut">
    <keyboard-shortcut first-keystroke="ctrl subtract" />
  </action>
  <action id="DatabaseView.CopyAction">
    <keyboard-shortcut first-keystroke="ctrl d" />
  </action>
  <action id="DatabaseView.CopyDdlAction">
    <keyboard-shortcut first-keystroke="shift ctrl alt g" />
    <keyboard-shortcut first-keystroke="shift ctrl c" />
  </action>
  <action id="DatabaseView.DataSourceCopyAction">
    <keyboard-shortcut first-keystroke="ctrl c" />
    <keyboard-shortcut first-keystroke="ctrl insert" />
  </action>
  <action id="DatabaseView.DataSourceCutAction">
    <keyboard-shortcut first-keystroke="ctrl x" />
    <keyboard-shortcut first-keystroke="shift delete" />
  </action>
  <action id="DatabaseView.DataSourcePasteAction">
    <keyboard-shortcut first-keystroke="ctrl v" />
    <keyboard-shortcut first-keystroke="shift insert" />
  </action>
  <action id="DatabaseView.Ddl.AlterObject">
    <keyboard-shortcut first-keystroke="ctrl f6" />
  </action>
  <action id="DatabaseView.DeactivateAction">
    <keyboard-shortcut first-keystroke="shift f5" />
  </action>
  <action id="DatabaseView.DropAction">
    <keyboard-shortcut first-keystroke="delete" />
  </action>
  <action id="DatabaseView.FullTextSearch">
    <keyboard-shortcut first-keystroke="shift ctrl alt f" />
  </action>
  <action id="DatabaseView.OpenDdlInConsole">
    <keyboard-shortcut first-keystroke="shift ctrl alt b" />
  </action>
  <action id="DatabaseView.OpenFamilyAction">
    <keyboard-shortcut first-keystroke="f4" />
  </action>
  <action id="DatabaseView.PropertiesAction">
    <keyboard-shortcut first-keystroke="shift enter" />
  </action>
  <action id="DatabaseView.SqlGenerator">
    <keyboard-shortcut first-keystroke="ctrl alt g" />
  </action>
  <action id="DatabaseView.Tools">
    <keyboard-shortcut first-keystroke="ctrl period" />
  </action>
  <action id="DatabaseView.Tools.RevertChanges">
    <keyboard-shortcut first-keystroke="ctrl alt z" />
  </action>
  <action id="Debugger.EditFrameSource">
    <keyboard-shortcut first-keystroke="f4" />
  </action>
  <action id="Debugger.RemoveArrayFilter">
    <keyboard-shortcut first-keystroke="delete" />
  </action>
  <action id="Debugger.RemoveCustomField">
    <keyboard-shortcut first-keystroke="delete" />
  </action>
  <action id="DecreaseColumnWidth">
    <keyboard-shortcut first-keystroke="shift ctrl alt left" />
  </action>
  <action id="DeleteOrmUnit">
    <keyboard-shortcut first-keystroke="delete" />
  </action>
  <action id="Diagram.DeleteSelection">
    <keyboard-shortcut first-keystroke="delete" />
  </action>
  <action id="Diagram.DeselectAll">
    <keyboard-shortcut first-keystroke="ctrl alt a" />
  </action>
  <action id="Diagram.SelectAll">
    <keyboard-shortcut first-keystroke="ctrl a" />
  </action>
  <action id="Docker.RemoteServers.ConnectServer">
    <keyboard-shortcut first-keystroke="ctrl enter" />
  </action>
  <action id="Docker.RemoteServers.EditServerConfig">
    <keyboard-shortcut first-keystroke="ctrl k" second-keystroke="o" />
  </action>
  <action id="Docker.RemoteServers.StartAllComposeApp">
    <keyboard-shortcut first-keystroke="ctrl enter" />
  </action>
  <action id="Docker.RemoteServers.StartComposeService">
    <keyboard-shortcut first-keystroke="ctrl enter" />
  </action>
  <action id="Docker.RemoteServers.StartContainer">
    <keyboard-shortcut first-keystroke="ctrl enter" />
  </action>
  <action id="Docker.RemoteServers.StopComposeApp">
    <keyboard-shortcut first-keystroke="shift f5" />
  </action>
  <action id="Docker.RemoteServers.StopComposeService">
    <keyboard-shortcut first-keystroke="shift f5" />
  </action>
  <action id="Docker.RemoteServers.StopContainer">
    <keyboard-shortcut first-keystroke="shift f5" />
  </action>
  <action id="Docker.RemoteServers.StopDeploy">
    <keyboard-shortcut first-keystroke="shift f5" />
  </action>
  <action id="DomCollectionControl.Add">
    <keyboard-shortcut first-keystroke="insert" />
  </action>
  <action id="DomCollectionControl.Edit">
    <keyboard-shortcut first-keystroke="f4" />
  </action>
  <action id="DomCollectionControl.Remove">
    <keyboard-shortcut first-keystroke="delete" />
  </action>
  <action id="DownloadBackendFileToClient">
    <keyboard-shortcut first-keystroke="shift ctrl d" />
  </action>
  <action id="DumpMLCompletionFeatures">
    <keyboard-shortcut first-keystroke="shift ctrl alt 9" />
  </action>
  <action id="EditPropertyValue">
    <keyboard-shortcut first-keystroke="alt f6" />
  </action>
  <action id="EditorDuplicate">
    <keyboard-shortcut first-keystroke="ctrl d" />
  </action>
  <action id="EmmetNextEditPoint">
    <keyboard-shortcut first-keystroke="shift alt close_bracket" />
  </action>
  <action id="EmmetPreviousEditPoint">
    <keyboard-shortcut first-keystroke="shift alt open_bracket" />
  </action>
  <action id="ExecuteInPyConsoleAction">
    <keyboard-shortcut first-keystroke="shift alt e" />
  </action>
  <action id="ExtractFunction">
    <keyboard-shortcut first-keystroke="ctrl alt m" />
  </action>
  <action id="ExtractFunctionToScope">
    <keyboard-shortcut first-keystroke="shift ctrl alt m" />
  </action>
  <action id="Git.Add">
    <keyboard-shortcut first-keystroke="ctrl alt a" />
  </action>
  <action id="Git.Branches">
    <keyboard-shortcut first-keystroke="shift ctrl back_quote" />
  </action>
  <action id="Git.Commit.And.Push.Executor">
    <keyboard-shortcut first-keystroke="ctrl alt k" />
  </action>
  <action id="Git.CreateNewBranch.FromCommit">
    <keyboard-shortcut first-keystroke="ctrl alt n" />
  </action>
  <action id="Git.Log.Branches.Navigate.Log.To.Selected.Branch">
    <keyboard-shortcut first-keystroke="alt f1" />
  </action>
  <action id="Git.ShowBranches">
    <keyboard-shortcut first-keystroke="shift ctrl back_quote" />
  </action>
  <action id="Git.Stage.Add">
    <keyboard-shortcut first-keystroke="ctrl alt a" />
  </action>
  <action id="Git.Stage.Reset">
    <keyboard-shortcut first-keystroke="ctrl alt z" />
  </action>
  <action id="Git.Stage.Revert">
    <keyboard-shortcut first-keystroke="ctrl alt z" />
  </action>
  <action id="Git.Stash.Drop">
    <keyboard-shortcut first-keystroke="delete" />
  </action>
  <action id="GotoRow">
    <keyboard-shortcut first-keystroke="ctrl g" />
  </action>
  <action id="Graph.ApplyCurrentLayout">
    <keyboard-shortcut first-keystroke="shift f5" />
  </action>
  <action id="Graph.Delete">
    <keyboard-shortcut first-keystroke="delete" />
  </action>
  <action id="Graph.RouteEdges">
    <keyboard-shortcut first-keystroke="f5" />
  </action>
  <action id="HTTPClient.PreviewHtml.NavigateBack">
    <keyboard-shortcut first-keystroke="left" />
  </action>
  <action id="HTTPClient.PreviewHtml.NavigateForward">
    <keyboard-shortcut first-keystroke="right" />
  </action>
  <action id="Hg.Commit.And.Push.Executor">
    <keyboard-shortcut first-keystroke="ctrl alt k" />
  </action>
  <action id="HoconGotoNext">
    <keyboard-shortcut first-keystroke="ctrl f12" />
  </action>
  <action id="IncreaseColumnWidth">
    <keyboard-shortcut first-keystroke="shift ctrl alt right" />
  </action>
  <action id="IntroduceFunctionalParameter">
    <keyboard-shortcut first-keystroke="shift ctrl alt p" />
  </action>
  <action id="IntroduceProperty">
    <keyboard-shortcut first-keystroke="ctrl alt f" />
  </action>
  <action id="JavaScript.ShowComponentUsages">
    <keyboard-shortcut first-keystroke="shift ctrl d" />
  </action>
  <action id="Jdbc.OpenConsole.Any">
    <keyboard-shortcut first-keystroke="shift ctrl f10" />
  </action>
  <action id="Jdbc.OpenConsole.New">
    <keyboard-shortcut first-keystroke="shift ctrl q" />
  </action>
  <action id="Jdbc.OpenConsole.New.Generate">
    <keyboard-shortcut first-keystroke="shift ctrl q" />
  </action>
  <action id="Jdbc.OpenEditor.Console">
    <keyboard-shortcut first-keystroke="f4" />
  </action>
  <action id="Jdbc.OpenEditor.DDL">
    <keyboard-shortcut first-keystroke="f12" />
  </action>
  <action id="Jdbc.OpenEditor.Data">
    <keyboard-shortcut first-keystroke="f4" />
  </action>
  <action id="Jdbc.OpenEditor.Grid.DDL">
    <keyboard-shortcut first-keystroke="ctrl alt home" />
  </action>
  <action id="Jpa.OpenConsole">
    <keyboard-shortcut first-keystroke="shift ctrl f10" />
  </action>
  <action id="JsonPathExportEvaluateResultAction">
    <keyboard-shortcut first-keystroke="alt o" />
  </action>
  <action id="JupyterDebugAction">
    <keyboard-shortcut first-keystroke="shift alt enter" />
  </action>
  <action id="JupyterExecuteSelectedTextInConsoleAction">
    <keyboard-shortcut first-keystroke="shift alt e" />
  </action>
  <action id="JupyterExpandSelectionToCellAboveCommandModeAction">
    <keyboard-shortcut first-keystroke="shift up" />
    <keyboard-shortcut first-keystroke="shift left" />
  </action>
  <action id="JupyterExpandSelectionToCellBelowCommandModeAction">
    <keyboard-shortcut first-keystroke="shift down" />
    <keyboard-shortcut first-keystroke="shift right" />
  </action>
  <action id="JupyterNotebookCopyCellCommandModeAction">
    <keyboard-shortcut first-keystroke="ctrl c" />
  </action>
  <action id="JupyterNotebookCutCellCommandModeAction">
    <keyboard-shortcut first-keystroke="ctrl x" />
  </action>
  <action id="JupyterNotebookDeleteCellCommandModeAction">
    <keyboard-shortcut first-keystroke="delete" />
  </action>
  <action id="JupyterNotebookMoveCellDownCommandModeAction">
    <keyboard-shortcut first-keystroke="alt down" />
    <keyboard-shortcut first-keystroke="alt j" />
  </action>
  <action id="JupyterNotebookMoveCellUpCommandModeAction">
    <keyboard-shortcut first-keystroke="alt up" />
    <keyboard-shortcut first-keystroke="alt k" />
  </action>
  <action id="JupyterNotebookPasteCellAboveCommandModeAction">
    <keyboard-shortcut first-keystroke="shift ctrl v" />
  </action>
  <action id="JupyterNotebookPasteCellCommandModeAction">
    <keyboard-shortcut first-keystroke="ctrl v" />
  </action>
  <action id="JupyterNotebookRunCellInsertBelowCommandModeAction">
    <keyboard-shortcut first-keystroke="alt enter" />
  </action>
  <action id="Kotlin.RunScratch">
    <keyboard-shortcut first-keystroke="ctrl alt w" />
  </action>
  <action id="LookupMcpMember">
    <keyboard-shortcut first-keystroke="shift ctrl alt m" />
  </action>
  <action id="Maven.CollapseAll">
    <keyboard-shortcut first-keystroke="ctrl subtract" />
  </action>
  <action id="Maven.Uml.Exclude">
    <keyboard-shortcut first-keystroke="shift delete" />
  </action>
  <action id="NotebookOutputSelectAllAction">
    <keyboard-shortcut first-keystroke="ctrl a" />
  </action>
  <action id="NotebookRunAllAction">
    <keyboard-shortcut first-keystroke="shift ctrl alt enter" />
  </action>
  <action id="NotebookRunCellAction">
    <keyboard-shortcut first-keystroke="ctrl enter" />
  </action>
  <action id="NotebookSplitCellAction">
    <keyboard-shortcut first-keystroke="shift ctrl minus" />
  </action>
  <action id="OasEndpointsSidePanelSaveAction">
    <keyboard-shortcut first-keystroke="alt o" />
  </action>
  <action id="OpenModuleSettings">
    <keyboard-shortcut first-keystroke="f4" />
  </action>
  <action id="PCFindUsagesAction">
    <keyboard-shortcut first-keystroke="shift alt f12" />
  </action>
  <action id="PCNavigateToSource">
    <keyboard-shortcut first-keystroke="f4" />
  </action>
  <action id="PackageFile">
    <keyboard-shortcut first-keystroke="shift ctrl f9" />
  </action>
  <action id="PerforceDirect.Edit">
    <keyboard-shortcut first-keystroke="ctrl alt e" />
  </action>
  <action id="Play2.TypeInfo">
    <keyboard-shortcut first-keystroke="alt equals" />
  </action>
  <action id="PublishGroup.UploadTo">
    <keyboard-shortcut first-keystroke="shift ctrl alt x" />
  </action>
  <action id="PyExecuteCellAction">
    <keyboard-shortcut first-keystroke="ctrl enter" />
  </action>
  <action id="PyExecuteCellActionWithMove">
    <keyboard-shortcut first-keystroke="shift enter" />
  </action>
  <action id="PyProfile.NavigateToSource">
    <keyboard-shortcut first-keystroke="f4" />
  </action>
  <action id="ReformatWithPrettierAction">
    <keyboard-shortcut first-keystroke="shift ctrl alt p" />
  </action>
  <action id="RemoteHostView.CopyPaths">
    <keyboard-shortcut first-keystroke="shift alt c" />
    <keyboard-shortcut first-keystroke="ctrl k" second-keystroke="p" />
  </action>
  <action id="RemoteHostView.EditSource">
    <keyboard-shortcut first-keystroke="f4" />
  </action>
  <action id="RemoteHostView.Rename">
    <keyboard-shortcut first-keystroke="f2" />
  </action>
  <action id="RemoteServers.EditServerConfig">
    <keyboard-shortcut first-keystroke="ctrl k" second-keystroke="o" />
  </action>
  <action id="RemoveNotebookFromListAction">
    <keyboard-shortcut first-keystroke="delete" />
  </action>
  <action id="ResetColumnsWidth">
    <keyboard-shortcut first-keystroke="shift ctrl alt up" />
  </action>
  <action id="RunJsbtTask">
    <keyboard-shortcut first-keystroke="alt f11" />
  </action>
  <action id="Scala.CreateLightWorksheetAction">
    <keyboard-shortcut first-keystroke="shift ctrl alt x" />
  </action>
  <action id="Scala.Desugar">
    <keyboard-shortcut first-keystroke="ctrl alt d" />
  </action>
  <action id="Scala.MakeExplicit">
    <keyboard-shortcut first-keystroke="alt enter" />
  </action>
  <action id="Scala.RenameJavaToScala">
    <keyboard-shortcut first-keystroke="shift ctrl g" />
  </action>
  <action id="Scala.RunConsole">
    <keyboard-shortcut first-keystroke="shift ctrl d" />
  </action>
  <action id="Scala.RunWorksheet">
    <keyboard-shortcut first-keystroke="ctrl alt w" />
  </action>
  <action id="Scala.SendSelectionToConsole">
    <keyboard-shortcut first-keystroke="shift ctrl x" />
  </action>
  <action id="Scala.ShowImplicitArguments">
    <keyboard-shortcut first-keystroke="shift ctrl p" />
  </action>
  <action id="Scala.ShowImplicitConversions">
    <keyboard-shortcut first-keystroke="shift ctrl q" />
  </action>
  <action id="Scala.ShowImplicits">
    <keyboard-shortcut first-keystroke="shift ctrl alt equals" />
    <keyboard-shortcut first-keystroke="shift ctrl alt add" />
  </action>
  <action id="Scala.TypeInfo">
    <keyboard-shortcut first-keystroke="alt equals" />
  </action>
  <action id="Scala.XRayMode">
    <keyboard-shortcut first-keystroke="shift ctrl alt x" />
  </action>
  <action id="ScalaConsole.Clean">
    <keyboard-shortcut first-keystroke="ctrl l" />
  </action>
  <action id="ScalaConsole.Execute">
    <keyboard-shortcut first-keystroke="ctrl enter" />
  </action>
  <action id="ScalaConsole.NewLine">
    <keyboard-shortcut first-keystroke="shift ctrl enter" />
  </action>
  <action id="Session.Rename">
    <keyboard-shortcut first-keystroke="f2" />
  </action>
  <action id="ShowUmlDiagram">
    <keyboard-shortcut first-keystroke="shift ctrl alt u" />
  </action>
  <action id="ShowUmlDiagramPopup">
    <keyboard-shortcut first-keystroke="ctrl alt u" />
  </action>
  <action id="StepIntoMyCode">
    <keyboard-shortcut first-keystroke="shift alt f7" />
  </action>
  <action id="TableResult.GrowSelection">
    <keyboard-shortcut first-keystroke="shift alt right" />
  </action>
  <action id="TableResult.SelectAllOccurrences">
    <keyboard-shortcut first-keystroke="shift ctrl l" />
    <keyboard-shortcut first-keystroke="ctrl f2" />
  </action>
  <action id="TableResult.SelectColumn">
    <keyboard-shortcut first-keystroke="shift alt right" />
  </action>
  <action id="TableResult.SelectNextOccurrence">
    <keyboard-shortcut first-keystroke="ctrl d" />
    <keyboard-shortcut first-keystroke="ctrl f3" />
  </action>
  <action id="TableResult.ShrinkSelection">
    <keyboard-shortcut first-keystroke="shift ctrl w" />
  </action>
  <action id="UML.Find">
    <keyboard-shortcut first-keystroke="ctrl f" />
  </action>
  <action id="UML.ShowChanges">
    <keyboard-shortcut first-keystroke="shift ctrl alt d" />
  </action>
  <action id="Uml.NewElement">
    <keyboard-shortcut first-keystroke="alt insert" />
  </action>
  <action id="Uml.NodeIntentions">
    <keyboard-shortcut first-keystroke="ctrl period" />
  </action>
  <action id="Vcs.CombinedDiff.CaretToNextBlock">
    <keyboard-shortcut first-keystroke="down" />
    <keyboard-shortcut first-keystroke="right" />
    <keyboard-shortcut first-keystroke="page_down" />
  </action>
  <action id="Vcs.CombinedDiff.CaretToPrevBlock">
    <keyboard-shortcut first-keystroke="up" />
    <keyboard-shortcut first-keystroke="left" />
    <keyboard-shortcut first-keystroke="page_up" />
  </action>
  <action id="Vcs.CombinedDiff.ToggleCollapseBlock">
    <keyboard-shortcut first-keystroke="ctrl escape" />
  </action>
  <action id="Vcs.CopyRevisionNumberAction">
    <keyboard-shortcut first-keystroke="shift ctrl alt c" />
  </action>
  <action id="Vcs.EditSource">
    <keyboard-shortcut first-keystroke="f4" />
  </action>
  <action id="Vcs.Log.FocusTextFilter">
    <keyboard-shortcut first-keystroke="ctrl l" />
  </action>
  <action id="Vcs.Log.GoToChild">
    <keyboard-shortcut first-keystroke="left" />
  </action>
  <action id="Vcs.Log.GoToParent">
    <keyboard-shortcut first-keystroke="right" />
  </action>
  <action id="Vcs.Log.GoToRef">
    <keyboard-shortcut first-keystroke="ctrl f" />
  </action>
  <action id="Vcs.Log.ShowTooltip">
    <keyboard-shortcut first-keystroke="ctrl k" second-keystroke="ctrl i" />
  </action>
  <action id="Vcs.ReformatCommitMessage">
    <keyboard-shortcut first-keystroke="shift alt f" />
  </action>
  <action id="Vcs.Shelf.Drop">
    <keyboard-shortcut first-keystroke="delete" />
  </action>
  <action id="WD.UploadCurrentRemoteFileAction">
    <keyboard-shortcut first-keystroke="shift alt q" />
  </action>
  <action id="WebOpenInAction">
    <keyboard-shortcut first-keystroke="alt f2" />
  </action>
  <action id="XPathView.Actions.Evaluate">
    <keyboard-shortcut first-keystroke="ctrl alt x" second-keystroke="e" />
  </action>
  <action id="XPathView.Actions.FindByExpression">
    <keyboard-shortcut first-keystroke="ctrl alt x" second-keystroke="f" />
  </action>
  <action id="XPathView.Actions.ShowPath">
    <keyboard-shortcut first-keystroke="ctrl alt x" second-keystroke="p" />
  </action>
  <action id="com.codeium.intellij.AcceptDiffAction">
    <keyboard-shortcut first-keystroke="alt a" />
  </action>
  <action id="com.codeium.intellij.AcceptSingleWordAction">
    <keyboard-shortcut first-keystroke="shift alt close_bracket" />
  </action>
  <action id="com.codeium.intellij.RejectDiffAction">
    <keyboard-shortcut first-keystroke="alt r" />
  </action>
  <action id="com.codeium.intellij.ShowNextCompletionAction">
    <keyboard-shortcut first-keystroke="alt close_bracket" />
  </action>
  <action id="com.codeium.intellij.ShowPreviousCompletionAction">
    <keyboard-shortcut first-keystroke="alt open_bracket" />
  </action>
  <action id="com.codeium.intellij.TriggerCompletionAction">
    <keyboard-shortcut first-keystroke="alt back_slash" />
  </action>
  <action id="com.codeium.intellij.command.CommandAction">
    <keyboard-shortcut first-keystroke="ctrl i" />
    <keyboard-shortcut first-keystroke="shift ctrl i" />
    <keyboard-shortcut first-keystroke="ctrl back_slash" />
  </action>
  <action id="com.codeium.intellij.editor_menu.ExplainSelection">
    <keyboard-shortcut first-keystroke="shift ctrl l" />
  </action>
  <action id="context.clear">
    <keyboard-shortcut first-keystroke="shift alt x" />
  </action>
  <action id="context.load">
    <keyboard-shortcut first-keystroke="shift alt l" />
  </action>
  <action id="context.save">
    <keyboard-shortcut first-keystroke="shift alt s" />
  </action>
  <action id="hg4idea.QFold">
    <keyboard-shortcut first-keystroke="shift alt d" />
  </action>
  <action id="hg4idea.QGotoFromPatches">
    <keyboard-shortcut first-keystroke="shift alt g" />
  </action>
  <action id="hg4idea.QPushAction">
    <keyboard-shortcut first-keystroke="shift alt p" />
  </action>
  <action id="hg4idea.add">
    <keyboard-shortcut first-keystroke="ctrl alt a" />
  </action>
  <action id="org.intellij.plugins.markdown.ui.actions.styling.InsertImageAction">
    <keyboard-shortcut first-keystroke="ctrl u" />
  </action>
  <action id="refactoring.extract.dependency">
    <keyboard-shortcut first-keystroke="ctrl alt m" />
  </action>
  <action id="refactoring.introduce.property">
    <keyboard-shortcut first-keystroke="ctrl alt v" />
  </action>
  <action id="runShellFileAction">
    <keyboard-shortcut first-keystroke="shift ctrl f10" />
  </action>
  <action id="sql.ExtractFunctionAction">
    <keyboard-shortcut first-keystroke="ctrl alt m" />
  </action>
  <action id="sql.SelectInDatabaseView">
    <keyboard-shortcut first-keystroke="shift alt b" />
  </action>
  <action id="tasks.close">
    <keyboard-shortcut first-keystroke="shift alt w" />
  </action>
  <action id="tasks.goto">
    <keyboard-shortcut first-keystroke="shift alt n" />
  </action>
  <action id="tasks.open.in.browser">
    <keyboard-shortcut first-keystroke="shift alt b" />
  </action>
  <action id="tasks.switch">
    <keyboard-shortcut first-keystroke="shift alt t" />
  </action>
</keymap>