<application>
  <component name="BhKeywordHighlightConfiguration">
    <tokens>
      <list>
        <KeywordTokenDescriptor>
          <isMethodKeyword>true</isMethodKeyword>
          <token>abstract</token>
          <severity>TEXT</severity>
        </KeywordTokenDescriptor>
        <KeywordTokenDescriptor>
          <isMethodKeyword>true</isMethodKeyword>
          <token>public</token>
          <severity>TEXT</severity>
        </KeywordTokenDescriptor>
      </list>
    </tokens>
  </component>
</application>