<application>
  <component name="BhComplexityConfiguration">
    <complexityCalculationEnabled>true</complexityCalculationEnabled>
    <displayComplexityThreshold>1</displayComplexityThreshold>
    <highComplexityThreshold>15</highComplexityThreshold>
    <mediumComplexityThreshold>9</mediumComplexityThreshold>
    <inlayHintPosition>TOP</inlayHintPosition>
    <iconInHintEnabled>true</iconInHintEnabled>
    <textInHintEnabled>true</textInHintEnabled>
    <lowComplexityDescription>low complexity ({ratio}%)</lowComplexityDescription>
    <mediumComplexityDescription>medium complexity ({ratio}%)</mediumComplexityDescription>
    <highComplexityDescription>high complexity ({ratio}%)</highComplexityDescription>
    <lowComplexityBackgroundColor>0x49544a</lowComplexityBackgroundColor>
    <mediumComplexityBackgroundColor>0x6E6953</mediumComplexityBackgroundColor>
    <highComplexityBackgroundColor>0x6e535b</highComplexityBackgroundColor>
  </component>
  <component name="ComplexityConfiguration">
    <complexityCalculationEnabled>true</complexityCalculationEnabled>
    <displayComplexityThreshold>1</displayComplexityThreshold>
    <highComplexityThreshold>15</highComplexityThreshold>
    <mediumComplexityThreshold>9</mediumComplexityThreshold>
    <inlayHintPosition>TOP</inlayHintPosition>
    <iconInHintEnabled>true</iconInHintEnabled>
    <textInHintEnabled>true</textInHintEnabled>
    <lowComplexityDescription>low complexity ({ratio}%)</lowComplexityDescription>
    <mediumComplexityDescription>medium complexity ({ratio}%)</mediumComplexityDescription>
    <highComplexityDescription>high complexity ({ratio}%)</highComplexityDescription>
    <lowComplexityBackgroundColor>0x49544a</lowComplexityBackgroundColor>
    <mediumComplexityBackgroundColor>0x6E6953</mediumComplexityBackgroundColor>
    <highComplexityBackgroundColor>0x6e535b</highComplexityBackgroundColor>
  </component>
</application>