<application>
  <component name="com.intellij.ide.ui.customization.CustomActionsSchema">
    <group value="Ignore.HideIgnoredFiles" is_action="true" action_type="-1" position="83">
      <path value="root" />
      <path value="Project View Popup Menu" />
    </group>
    <group value="Ignore.UnignoreGroup" is_group="true" forse_popup="false" action_type="-1" position="81">
      <path value="root" />
      <path value="Project View Popup Menu" />
    </group>
    <group value="Ignore.IgnoreGroup" is_group="true" forse_popup="false" action_type="-1" position="80">
      <path value="root" />
      <path value="Project View Popup Menu" />
    </group>
    <group value="Github.Create.Gist" is_action="true" action_type="-1" position="54">
      <path value="root" />
      <path value="Project View Popup Menu" />
    </group>
    <group value="GitLab.Create.Snippet" is_action="true" action_type="-1" position="53">
      <path value="root" />
      <path value="Project View Popup Menu" />
    </group>
    <group value="UML.Group" is_group="true" forse_popup="false" action_type="-1" position="44">
      <path value="root" />
      <path value="Project View Popup Menu" />
    </group>
    <group value="ProjectViewPopupMenuSettingsGroup" is_group="true" forse_popup="false" action_type="-1" position="41">
      <path value="root" />
      <path value="Project View Popup Menu" />
    </group>
    <group seperator="true" action_type="-1" position="38">
      <path value="root" />
      <path value="Project View Popup Menu" />
    </group>
    <group value="ComputeSwaggerDiffBetweenPhysicalFiles" is_action="true" action_type="-1" position="37">
      <path value="root" />
      <path value="Project View Popup Menu" />
    </group>
    <group value="ComputeDiffWithPreviousRevisionAction" is_action="true" action_type="-1" position="36">
      <path value="root" />
      <path value="Project View Popup Menu" />
    </group>
    <group value="CompareFileWithEditor" is_action="true" action_type="-1" position="35">
      <path value="root" />
      <path value="Project View Popup Menu" />
    </group>
    <group value="CompareTwoFiles" is_action="true" action_type="-1" position="34">
      <path value="root" />
      <path value="Project View Popup Menu" />
    </group>
    <group value="StreamingToolbarVirtualDevice" is_group="true" forse_popup="false" action_type="-1" position="24">
      <path value="root" />
    </group>
    <group value="Vcs.Operations.Popup" is_group="true" forse_popup="false" action_type="-1" position="23">
      <path value="root" />
    </group>
    <group value="Vcs.Operations.Popup" is_group="true" forse_popup="false" action_type="-1" position="22">
      <path value="root" />
    </group>
    <group value="Vcs.Log.Toolbar.RightCorner" is_group="true" forse_popup="false" action_type="-1" position="22">
      <path value="root" />
    </group>
    <group value="Vcs.Log.Toolbar.RightCorner" is_group="true" forse_popup="false" action_type="-1" position="21">
      <path value="root" />
    </group>
    <group value="Vcs.Log.ChangesBrowser.Toolbar" is_group="true" forse_popup="false" action_type="-1" position="21">
      <path value="root" />
    </group>
    <group value="Vcs.Log.ChangesBrowser.Toolbar" is_group="true" forse_popup="false" action_type="-1" position="20">
      <path value="root" />
    </group>
    <group value="ChangesViewToolbar" is_group="true" forse_popup="false" action_type="-1" position="20">
      <path value="root" />
    </group>
    <group value="popup@ExpandableBookmarkContextMenu" is_group="true" forse_popup="false" action_type="-1" position="20">
      <path value="root" />
      <path value="Project View Popup Menu" />
    </group>
    <group value="ChangesViewToolbar" is_group="true" forse_popup="false" action_type="-1" position="19">
      <path value="root" />
    </group>
    <group value="RunTab.TopToolbar" is_group="true" forse_popup="false" action_type="-1" position="19">
      <path value="root" />
    </group>
    <group value="RunTab.TopToolbar" is_group="true" forse_popup="false" action_type="-1" position="18">
      <path value="root" />
    </group>
    <group value="RunTab.TopToolbar.More" is_group="true" forse_popup="false" action_type="-1" position="18">
      <path value="root" />
    </group>
    <group value="RunTab.TopToolbar.More" is_group="true" forse_popup="false" action_type="-1" position="17">
      <path value="root" />
    </group>
    <group value="StreamingToolbarPhysicalDevice" is_group="true" forse_popup="false" action_type="-1" position="17">
      <path value="root" />
    </group>
    <group value="Markdown.Toolbar.Floating" is_group="true" forse_popup="false" action_type="-1" position="16">
      <path value="root" />
    </group>
    <group value="J2EEViewPopupMenu" is_group="true" forse_popup="false" action_type="-1" position="15">
      <path value="root" />
    </group>
    <group value="Console.TableResult.FloatingToolbarGroup" is_group="true" forse_popup="false" action_type="-1" position="14">
      <path value="root" />
    </group>
    <group value="Floating.CodeToolbar" is_group="true" forse_popup="false" action_type="-1" position="13">
      <path value="root" />
    </group>
    <group value="Vcs.FileHistory.Toolbar" is_group="true" forse_popup="false" action_type="-1" position="12">
      <path value="root" />
    </group>
    <group value="XDebugger.Watches.Tree.Toolbar" is_group="true" forse_popup="false" action_type="-1" position="11">
      <path value="root" />
    </group>
    <group value="XDebugger.ToolWindow.TopToolbar3" is_group="true" forse_popup="false" action_type="-1" position="10">
      <path value="root" />
    </group>
    <group value="XDebugger.ToolWindow.TopToolbar3.Extra" is_group="true" forse_popup="false" action_type="-1" position="9">
      <path value="root" />
    </group>
    <group value="NavBarToolBar" is_group="true" forse_popup="false" action_type="-1" position="8">
      <path value="root" />
    </group>
    <group value="NavbarPopupMenu" is_group="true" forse_popup="false" action_type="-1" position="7">
      <path value="root" />
    </group>
    <group value="RunMenu" is_group="true" forse_popup="false" action_type="-1" position="7">
      <path value="root" />
      <path value="Main Menu" />
    </group>
    <group value="ScopeViewPopupMenu" is_group="true" forse_popup="false" action_type="-1" position="6">
      <path value="root" />
    </group>
    <group value="ProjectViewPopupMenu" is_group="true" forse_popup="false" action_type="-1" position="5">
      <path value="root" />
    </group>
    <group value="RefactoringMenu" is_group="true" forse_popup="false" action_type="-1" position="5">
      <path value="root" />
      <path value="Main Menu" />
    </group>
    <group value="EditorTabPopupMenu" is_group="true" forse_popup="false" action_type="-1" position="4">
      <path value="root" />
    </group>
    <group value="MainToolbarGeneralActionsGroup" is_group="true" forse_popup="false" action_type="-1" position="4">
      <path value="root" />
      <path value="Main Toolbar" />
      <path value="Left" />
    </group>
    <group value="EditorGutterPopupMenu" is_group="true" forse_popup="false" action_type="-1" position="3">
      <path value="root" />
    </group>
    <group value="EditorPopupMenu" is_group="true" forse_popup="false" action_type="-1" position="2">
      <path value="root" />
    </group>
    <group value="MainToolbarVCSGroup" is_group="true" forse_popup="false" action_type="-1" position="2">
      <path value="root" />
      <path value="Main Toolbar" />
      <path value="Left" />
    </group>
    <group value="com.intellij.httpClient.postman.converter.action.ConvertPostmanEnvironmentToHttpFileFromProjectViewAction" is_action="true" action_type="-1" position="1">
      <path value="root" />
      <path value="Project View Popup Menu" />
    </group>
    <group value="RenameElement" is_action="true" action_type="-1" position="1">
      <path value="root" />
      <path value="Project View Popup Menu" />
      <path value="Project View Popup Refactoring Group" />
      <path value="Refactor" />
    </group>
    <group value="MainMenu" is_group="true" forse_popup="false" action_type="-1" position="0">
      <path value="root" />
    </group>
    <group value="ToolWindowsGroup" is_group="true" forse_popup="false" action_type="-1" position="0">
      <path value="root" />
      <path value="Main Menu" />
      <path value="View" />
    </group>
    <group value="com.intellij.httpClient.postman.converter.action.ConvertPostmanCollectionToHttpFileFromProjectViewAction" is_action="true" action_type="-1" position="0">
      <path value="root" />
      <path value="Project View Popup Menu" />
    </group>
    <group value="Back" is_action="true" action_type="1" position="0">
      <path value="root" />
      <path value="Main Toolbar" />
      <path value="Center" />
    </group>
    <group value="ToolWindowsGroup" is_group="true" forse_popup="true" action_type="1" position="0">
      <path value="root" />
      <path value="Main Menu" />
      <path value="View" />
    </group>
    <group value="Forward" is_action="true" action_type="1" position="1">
      <path value="root" />
      <path value="Main Toolbar" />
      <path value="Center" />
    </group>
    <group value="RenameElement" is_action="true" action_type="1" position="1">
      <path value="root" />
      <path value="Project View Popup Menu" />
    </group>
    <group seperator="true" action_type="1" position="2">
      <path value="root" />
      <path value="Main Toolbar" />
      <path value="Center" />
    </group>
    <group seperator="true" action_type="1" position="3">
      <path value="root" />
      <path value="Main Toolbar" />
      <path value="Left" />
    </group>
    <group value="CompileDirty" is_action="true" action_type="1" position="3">
      <path value="root" />
      <path value="Main Toolbar" />
      <path value="Right" />
    </group>
    <group value="main.toolbar.git.Branches" is_action="true" action_type="1" position="4">
      <path value="root" />
      <path value="Main Toolbar" />
      <path value="Left" />
    </group>
    <group seperator="true" action_type="1" position="4">
      <path value="root" />
      <path value="Main Toolbar" />
      <path value="Right" />
    </group>
    <group seperator="true" action_type="1" position="5">
      <path value="root" />
      <path value="Main Toolbar" />
      <path value="Left" />
    </group>
    <group value="ActivateProjectToolWindow" is_action="true" action_type="1" position="5">
      <path value="root" />
      <path value="Main Toolbar" />
      <path value="Right" />
    </group>
    <group value="ActivateVersionControlToolWindow" is_action="true" action_type="1" position="6">
      <path value="root" />
      <path value="Main Toolbar" />
      <path value="Left" />
    </group>
    <group value="ActivateCommitToolWindow" is_action="true" action_type="1" position="6">
      <path value="root" />
      <path value="Main Toolbar" />
      <path value="Right" />
    </group>
    <group value="Vcs.UpdateProject" is_action="true" action_type="1" position="7">
      <path value="root" />
      <path value="Main Toolbar" />
      <path value="Left" />
    </group>
    <group value="ActivateRunToolWindow" is_action="true" action_type="1" position="7">
      <path value="root" />
      <path value="Main Toolbar" />
      <path value="Right" />
    </group>
    <group value="Vcs.Push" is_action="true" action_type="1" position="8">
      <path value="root" />
      <path value="Main Toolbar" />
      <path value="Left" />
    </group>
    <group value="ActivateDebugToolWindow" is_action="true" action_type="1" position="8">
      <path value="root" />
      <path value="Main Toolbar" />
      <path value="Right" />
    </group>
    <group seperator="true" action_type="1" position="9">
      <path value="root" />
      <path value="Main Toolbar" />
      <path value="Left" />
    </group>
    <group value="ActivateBuildToolWindow" is_action="true" action_type="1" position="9">
      <path value="root" />
      <path value="Main Toolbar" />
      <path value="Right" />
    </group>
    <group value="ViewToolButtons" is_action="true" action_type="1" position="10">
      <path value="root" />
      <path value="Main Toolbar" />
      <path value="Left" />
    </group>
    <group value="ActivateGradleToolWindow" is_action="true" action_type="1" position="10">
      <path value="root" />
      <path value="Main Toolbar" />
      <path value="Right" />
    </group>
    <group seperator="true" action_type="1" position="11">
      <path value="root" />
      <path value="Main Toolbar" />
      <path value="Left" />
    </group>
    <group seperator="true" action_type="1" position="11">
      <path value="root" />
      <path value="Main Toolbar" />
      <path value="Right" />
    </group>
    <group value="Images.SetBackgroundImage" is_action="true" action_type="1" position="12">
      <path value="root" />
      <path value="Main Toolbar" />
      <path value="Left" />
    </group>
    <group value="ShowProjectStructureSettings" is_action="true" action_type="1" position="12">
      <path value="root" />
      <path value="Main Toolbar" />
      <path value="Right" />
    </group>
    <group seperator="true" action_type="1" position="13">
      <path value="root" />
      <path value="Main Toolbar" />
      <path value="Left" />
    </group>
    <group value="ActivateTODOToolWindow" is_action="true" action_type="1" position="14">
      <path value="root" />
      <path value="Main Toolbar" />
      <path value="Left" />
    </group>
    <group value="ActivateTerminalToolWindow" is_action="true" action_type="1" position="15">
      <path value="root" />
      <path value="Main Toolbar" />
      <path value="Left" />
    </group>
    <group value="ActivateNotificationsToolWindow" is_action="true" action_type="1" position="16">
      <path value="root" />
      <path value="Main Toolbar" />
      <path value="Left" />
    </group>
    <group value="Synchronize" is_action="true" action_type="1" position="17">
      <path value="root" />
      <path value="Main Toolbar" />
      <path value="Left" />
    </group>
    <group value="SearchEverywhere" is_action="true" action_type="1" position="18">
      <path value="root" />
      <path value="Main Toolbar" />
      <path value="Left" />
    </group>
    <group value="Other" is_group="true" forse_popup="true" action_type="1" position="79">
      <path value="root" />
      <path value="Project View Popup Menu" />
    </group>
    <action id="EditorAddRectangularSelectionOnMouseDrag" icon="jar:file:/C:/Users/kruto/AppData/Local/Programs/IntelliJ%20IDEA%20Ultimate/lib/app-client.jar!/expui/toolbar/unknown.svg" />
    <action id="NewGroup1" icon="jar:file:/C:/Users/kruto/AppData/Local/Programs/IntelliJ%20IDEA%20Ultimate/lib/app-client.jar!/expui/toolbar/unknown.svg" />
    <action id="NewGroupPersistence" icon="jar:file:/C:/Users/kruto/AppData/Local/Programs/IntelliJ%20IDEA%20Ultimate/lib/app-client.jar!/expui/toolbar/unknown.svg" />
    <action id="NewUiRunWidget" icon="jar:file:/C:/Users/kruto/AppData/Local/Programs/IntelliJ%20IDEA%20Ultimate/lib/app-client.jar!/expui/toolbar/unknown.svg" />
    <action id="MainMenuAsSeparateToolbarAction" icon="Vcs.Diff.ShowDiffInNewWindow" />
    <action id="MainToolbarVCSGroup" icon="Vcs.Show.Log" />
    <action id="ActivateCrowdinToolWindow" icon="Crowdin.DownloadTranslationContextAction" />
    <action id="main.toolbar.git.Branches" icon="jar:file:/C:/Users/kruto/AppData/Local/Programs/IntelliJ%20IDEA%20Ultimate/lib/app-client.jar!/expui/toolbar/unknown.svg" />
    <action id="ViewStatusBarWidgetsGroup" icon="jar:file:/C:/Users/kruto/AppData/Local/Programs/IntelliJ%20IDEA%20Ultimate/lib/app-client.jar!/expui/toolbar/unknown.svg" />
    <action id="Images.SetBackgroundImage" icon="org.intellij.plugins.markdown.ui.actions.styling.InsertImageAction" />
    <action id="WindowMenu" icon="jar:file:/C:/Users/kruto/AppData/Local/Programs/IntelliJ%20IDEA%20Ultimate/lib/app-client.jar!/expui/toolbar/unknown.svg" />
    <action id="ToolWindowsGroup" icon="jar:file:/C:/Users/kruto/AppData/Local/Programs/IntelliJ%20IDEA%20Ultimate/lib/app-client.jar!/expui/toolbar/unknown.svg" />
    <action id="VcsGlobalGroup" icon="jar:file:/C:/Users/kruto/AppData/Local/Programs/IntelliJ%20IDEA%20Ultimate/lib/app-client.jar!/expui/toolbar/unknown.svg" />
    <action id="ViewNewToolbarAction" icon="jar:file:/C:/Users/kruto/AppData/Local/Programs/IntelliJ%20IDEA%20Ultimate/lib/app-client.jar!/expui/general/filter.svg" />
    <action id="ViewToolButtons" icon="jar:file:/C:/Users/kruto/AppData/Local/Programs/IntelliJ%20IDEA%20Ultimate%202/lib/app-client.jar!/expui/general/listFiles.svg" />
  </component>
</application>