<application>
  <component name="FileTypeManager" version="19">
    <extensionMap>
      <mapping pattern="*.png.mcmeta" type="JSON" />
      <mapping pattern="pack.mcmeta" type="JSON" />
      <mapping pattern="mcmod.info" type="JSON" />
      <removed_mapping ext="apk" approved="true" type="ARCHIVE" />
      <removed_mapping ext="dockerignore" approved="true" type="DockerIgnore file" />
      <removed_mapping ext="ignore" approved="true" type="IgnoreLang file" />
      <removed_mapping ext="inputactions" approved="true" type="JSON" />
      <removed_mapping ext="psd" approved="true" type="Image" />
      <removed_mapping ext="tps" approved="true" type="XML" />
    </extensionMap>
  </component>
</application>