<application>
  <component name="GraziConfig">
    <option name="suppressingContext">
      <SuppressingContext>
        <option name="suppressed">
          <set>
            <option value="Al|I don't know any other way to get Minecraft Server instance, So I created this handler When server starting variable server initializing with Minecraft Server instance" />
            <option value="Don't forget|Oh, I almost forgot!" />
            <option value="idk" />
            <option value="just|After keygen generates a file with the name &quot;keystore.jks&quot; at directory which CMD/BASH/POWERSHELL been launched, just copy this file to YOUR_SERVER/config/iwtcms/" />
            <option value="just|So just locate your java, and replace YOUR_JAVA_HERE in one of the commands below, and launch it in CMD/BASH/POWERSHELL" />
            <option value="just|To &quot;execute&quot; this command, just send it to server." />
          </set>
        </option>
      </SuppressingContext>
    </option>
  </component>
</application>