<application>
  <component name="ProjectJdkTable">
    <jdk version="2">
      <name value="jbr-21" />
      <type value="JavaSDK" />
      <version value="JetBrains Runtime 21.0.3" />
      <homePath value="C:/Program Files/Java/jbr-21.0.3-windows-x64-b509.4" />
      <roots>
        <annotationsPath>
          <root type="composite">
            <root url="jar://$APPLICATION_HOME_DIR$/plugins/java/lib/resources/jdkAnnotations.jar!/" type="simple" />
          </root>
        </annotationsPath>
        <classPath>
          <root type="composite">
            <root url="jrt://C:/Program Files/Java/jbr-21.0.3-windows-x64-b509.4!/java.base" type="simple" />
            <root url="jrt://C:/Program Files/Java/jbr-21.0.3-windows-x64-b509.4!/java.compiler" type="simple" />
            <root url="jrt://C:/Program Files/Java/jbr-21.0.3-windows-x64-b509.4!/java.datatransfer" type="simple" />
            <root url="jrt://C:/Program Files/Java/jbr-21.0.3-windows-x64-b509.4!/java.desktop" type="simple" />
            <root url="jrt://C:/Program Files/Java/jbr-21.0.3-windows-x64-b509.4!/java.instrument" type="simple" />
            <root url="jrt://C:/Program Files/Java/jbr-21.0.3-windows-x64-b509.4!/java.logging" type="simple" />
            <root url="jrt://C:/Program Files/Java/jbr-21.0.3-windows-x64-b509.4!/java.management" type="simple" />
            <root url="jrt://C:/Program Files/Java/jbr-21.0.3-windows-x64-b509.4!/java.management.rmi" type="simple" />
            <root url="jrt://C:/Program Files/Java/jbr-21.0.3-windows-x64-b509.4!/java.naming" type="simple" />
            <root url="jrt://C:/Program Files/Java/jbr-21.0.3-windows-x64-b509.4!/java.net.http" type="simple" />
            <root url="jrt://C:/Program Files/Java/jbr-21.0.3-windows-x64-b509.4!/java.prefs" type="simple" />
            <root url="jrt://C:/Program Files/Java/jbr-21.0.3-windows-x64-b509.4!/java.rmi" type="simple" />
            <root url="jrt://C:/Program Files/Java/jbr-21.0.3-windows-x64-b509.4!/java.scripting" type="simple" />
            <root url="jrt://C:/Program Files/Java/jbr-21.0.3-windows-x64-b509.4!/java.se" type="simple" />
            <root url="jrt://C:/Program Files/Java/jbr-21.0.3-windows-x64-b509.4!/java.security.jgss" type="simple" />
            <root url="jrt://C:/Program Files/Java/jbr-21.0.3-windows-x64-b509.4!/java.security.sasl" type="simple" />
            <root url="jrt://C:/Program Files/Java/jbr-21.0.3-windows-x64-b509.4!/java.smartcardio" type="simple" />
            <root url="jrt://C:/Program Files/Java/jbr-21.0.3-windows-x64-b509.4!/java.sql" type="simple" />
            <root url="jrt://C:/Program Files/Java/jbr-21.0.3-windows-x64-b509.4!/java.sql.rowset" type="simple" />
            <root url="jrt://C:/Program Files/Java/jbr-21.0.3-windows-x64-b509.4!/java.transaction.xa" type="simple" />
            <root url="jrt://C:/Program Files/Java/jbr-21.0.3-windows-x64-b509.4!/java.xml" type="simple" />
            <root url="jrt://C:/Program Files/Java/jbr-21.0.3-windows-x64-b509.4!/java.xml.crypto" type="simple" />
            <root url="jrt://C:/Program Files/Java/jbr-21.0.3-windows-x64-b509.4!/jdk.accessibility" type="simple" />
            <root url="jrt://C:/Program Files/Java/jbr-21.0.3-windows-x64-b509.4!/jdk.attach" type="simple" />
            <root url="jrt://C:/Program Files/Java/jbr-21.0.3-windows-x64-b509.4!/jdk.charsets" type="simple" />
            <root url="jrt://C:/Program Files/Java/jbr-21.0.3-windows-x64-b509.4!/jdk.compiler" type="simple" />
            <root url="jrt://C:/Program Files/Java/jbr-21.0.3-windows-x64-b509.4!/jdk.crypto.cryptoki" type="simple" />
            <root url="jrt://C:/Program Files/Java/jbr-21.0.3-windows-x64-b509.4!/jdk.crypto.ec" type="simple" />
            <root url="jrt://C:/Program Files/Java/jbr-21.0.3-windows-x64-b509.4!/jdk.crypto.mscapi" type="simple" />
            <root url="jrt://C:/Program Files/Java/jbr-21.0.3-windows-x64-b509.4!/jdk.dynalink" type="simple" />
            <root url="jrt://C:/Program Files/Java/jbr-21.0.3-windows-x64-b509.4!/jdk.hotspot.agent" type="simple" />
            <root url="jrt://C:/Program Files/Java/jbr-21.0.3-windows-x64-b509.4!/jdk.httpserver" type="simple" />
            <root url="jrt://C:/Program Files/Java/jbr-21.0.3-windows-x64-b509.4!/jdk.internal.ed" type="simple" />
            <root url="jrt://C:/Program Files/Java/jbr-21.0.3-windows-x64-b509.4!/jdk.internal.jvmstat" type="simple" />
            <root url="jrt://C:/Program Files/Java/jbr-21.0.3-windows-x64-b509.4!/jdk.internal.le" type="simple" />
            <root url="jrt://C:/Program Files/Java/jbr-21.0.3-windows-x64-b509.4!/jdk.internal.opt" type="simple" />
            <root url="jrt://C:/Program Files/Java/jbr-21.0.3-windows-x64-b509.4!/jdk.internal.vm.ci" type="simple" />
            <root url="jrt://C:/Program Files/Java/jbr-21.0.3-windows-x64-b509.4!/jdk.javadoc" type="simple" />
            <root url="jrt://C:/Program Files/Java/jbr-21.0.3-windows-x64-b509.4!/jdk.jcmd" type="simple" />
            <root url="jrt://C:/Program Files/Java/jbr-21.0.3-windows-x64-b509.4!/jdk.jdi" type="simple" />
            <root url="jrt://C:/Program Files/Java/jbr-21.0.3-windows-x64-b509.4!/jdk.jdwp.agent" type="simple" />
            <root url="jrt://C:/Program Files/Java/jbr-21.0.3-windows-x64-b509.4!/jdk.jfr" type="simple" />
            <root url="jrt://C:/Program Files/Java/jbr-21.0.3-windows-x64-b509.4!/jdk.jsobject" type="simple" />
            <root url="jrt://C:/Program Files/Java/jbr-21.0.3-windows-x64-b509.4!/jdk.localedata" type="simple" />
            <root url="jrt://C:/Program Files/Java/jbr-21.0.3-windows-x64-b509.4!/jdk.management" type="simple" />
            <root url="jrt://C:/Program Files/Java/jbr-21.0.3-windows-x64-b509.4!/jdk.management.agent" type="simple" />
            <root url="jrt://C:/Program Files/Java/jbr-21.0.3-windows-x64-b509.4!/jdk.management.jfr" type="simple" />
            <root url="jrt://C:/Program Files/Java/jbr-21.0.3-windows-x64-b509.4!/jdk.naming.dns" type="simple" />
            <root url="jrt://C:/Program Files/Java/jbr-21.0.3-windows-x64-b509.4!/jdk.naming.rmi" type="simple" />
            <root url="jrt://C:/Program Files/Java/jbr-21.0.3-windows-x64-b509.4!/jdk.net" type="simple" />
            <root url="jrt://C:/Program Files/Java/jbr-21.0.3-windows-x64-b509.4!/jdk.sctp" type="simple" />
            <root url="jrt://C:/Program Files/Java/jbr-21.0.3-windows-x64-b509.4!/jdk.security.auth" type="simple" />
            <root url="jrt://C:/Program Files/Java/jbr-21.0.3-windows-x64-b509.4!/jdk.security.jgss" type="simple" />
            <root url="jrt://C:/Program Files/Java/jbr-21.0.3-windows-x64-b509.4!/jdk.unsupported" type="simple" />
            <root url="jrt://C:/Program Files/Java/jbr-21.0.3-windows-x64-b509.4!/jdk.unsupported.desktop" type="simple" />
            <root url="jrt://C:/Program Files/Java/jbr-21.0.3-windows-x64-b509.4!/jdk.xml.dom" type="simple" />
            <root url="jrt://C:/Program Files/Java/jbr-21.0.3-windows-x64-b509.4!/jdk.zipfs" type="simple" />
          </root>
        </classPath>
        <javadocPath>
          <root type="composite">
            <root url="https://docs.oracle.com/en/java/javase/21/docs/api/" type="simple" />
          </root>
        </javadocPath>
        <sourcePath>
          <root type="composite" />
        </sourcePath>
      </roots>
    </jdk>
    <jdk version="2">
      <name value="Kotlin SDK" />
      <type value="KotlinSDK" />
      <homePath value="" />
      <roots>
        <annotationsPath>
          <root type="composite" />
        </annotationsPath>
        <classPath>
          <root type="composite" />
        </classPath>
        <javadocPath>
          <root type="composite" />
        </javadocPath>
        <sourcePath>
          <root type="composite" />
        </sourcePath>
      </roots>
    </jdk>
  </component>
</application>