<application>
  <component name="ProjectJdkTable">
    <jdk version="2">
      <name value="jbr-21" />
      <type value="JavaSDK" />
      <version value="JetBrains Runtime 21.0.3" />
      <homePath value="C:/Program Files/Java/jbr-21.0.3-windows-x64-b509.4" />
      <roots>
        <annotationsPath>
          <root type="composite" />
        </annotationsPath>
        <classPath>
          <root type="composite">
            <root url="jrt://C:/Program Files/Java/jbr-21.0.3-windows-x64-b509.4!/java.base" type="simple" />
            <root url="jrt://C:/Program Files/Java/jbr-21.0.3-windows-x64-b509.4!/java.compiler" type="simple" />
            <root url="jrt://C:/Program Files/Java/jbr-21.0.3-windows-x64-b509.4!/java.datatransfer" type="simple" />
            <root url="jrt://C:/Program Files/Java/jbr-21.0.3-windows-x64-b509.4!/java.desktop" type="simple" />
            <root url="jrt://C:/Program Files/Java/jbr-21.0.3-windows-x64-b509.4!/java.instrument" type="simple" />
            <root url="jrt://C:/Program Files/Java/jbr-21.0.3-windows-x64-b509.4!/java.logging" type="simple" />
            <root url="jrt://C:/Program Files/Java/jbr-21.0.3-windows-x64-b509.4!/java.management" type="simple" />
            <root url="jrt://C:/Program Files/Java/jbr-21.0.3-windows-x64-b509.4!/java.management.rmi" type="simple" />
            <root url="jrt://C:/Program Files/Java/jbr-21.0.3-windows-x64-b509.4!/java.naming" type="simple" />
            <root url="jrt://C:/Program Files/Java/jbr-21.0.3-windows-x64-b509.4!/java.net.http" type="simple" />
            <root url="jrt://C:/Program Files/Java/jbr-21.0.3-windows-x64-b509.4!/java.prefs" type="simple" />
            <root url="jrt://C:/Program Files/Java/jbr-21.0.3-windows-x64-b509.4!/java.rmi" type="simple" />
            <root url="jrt://C:/Program Files/Java/jbr-21.0.3-windows-x64-b509.4!/java.scripting" type="simple" />
            <root url="jrt://C:/Program Files/Java/jbr-21.0.3-windows-x64-b509.4!/java.se" type="simple" />
            <root url="jrt://C:/Program Files/Java/jbr-21.0.3-windows-x64-b509.4!/java.security.jgss" type="simple" />
            <root url="jrt://C:/Program Files/Java/jbr-21.0.3-windows-x64-b509.4!/java.security.sasl" type="simple" />
            <root url="jrt://C:/Program Files/Java/jbr-21.0.3-windows-x64-b509.4!/java.smartcardio" type="simple" />
            <root url="jrt://C:/Program Files/Java/jbr-21.0.3-windows-x64-b509.4!/java.sql" type="simple" />
            <root url="jrt://C:/Program Files/Java/jbr-21.0.3-windows-x64-b509.4!/java.sql.rowset" type="simple" />
            <root url="jrt://C:/Program Files/Java/jbr-21.0.3-windows-x64-b509.4!/java.transaction.xa" type="simple" />
            <root url="jrt://C:/Program Files/Java/jbr-21.0.3-windows-x64-b509.4!/java.xml" type="simple" />
            <root url="jrt://C:/Program Files/Java/jbr-21.0.3-windows-x64-b509.4!/java.xml.crypto" type="simple" />
            <root url="jrt://C:/Program Files/Java/jbr-21.0.3-windows-x64-b509.4!/jdk.accessibility" type="simple" />
            <root url="jrt://C:/Program Files/Java/jbr-21.0.3-windows-x64-b509.4!/jdk.attach" type="simple" />
            <root url="jrt://C:/Program Files/Java/jbr-21.0.3-windows-x64-b509.4!/jdk.charsets" type="simple" />
            <root url="jrt://C:/Program Files/Java/jbr-21.0.3-windows-x64-b509.4!/jdk.compiler" type="simple" />
            <root url="jrt://C:/Program Files/Java/jbr-21.0.3-windows-x64-b509.4!/jdk.crypto.cryptoki" type="simple" />
            <root url="jrt://C:/Program Files/Java/jbr-21.0.3-windows-x64-b509.4!/jdk.crypto.ec" type="simple" />
            <root url="jrt://C:/Program Files/Java/jbr-21.0.3-windows-x64-b509.4!/jdk.crypto.mscapi" type="simple" />
            <root url="jrt://C:/Program Files/Java/jbr-21.0.3-windows-x64-b509.4!/jdk.dynalink" type="simple" />
            <root url="jrt://C:/Program Files/Java/jbr-21.0.3-windows-x64-b509.4!/jdk.hotspot.agent" type="simple" />
            <root url="jrt://C:/Program Files/Java/jbr-21.0.3-windows-x64-b509.4!/jdk.httpserver" type="simple" />
            <root url="jrt://C:/Program Files/Java/jbr-21.0.3-windows-x64-b509.4!/jdk.internal.ed" type="simple" />
            <root url="jrt://C:/Program Files/Java/jbr-21.0.3-windows-x64-b509.4!/jdk.internal.jvmstat" type="simple" />
            <root url="jrt://C:/Program Files/Java/jbr-21.0.3-windows-x64-b509.4!/jdk.internal.le" type="simple" />
            <root url="jrt://C:/Program Files/Java/jbr-21.0.3-windows-x64-b509.4!/jdk.internal.opt" type="simple" />
            <root url="jrt://C:/Program Files/Java/jbr-21.0.3-windows-x64-b509.4!/jdk.internal.vm.ci" type="simple" />
            <root url="jrt://C:/Program Files/Java/jbr-21.0.3-windows-x64-b509.4!/jdk.javadoc" type="simple" />
            <root url="jrt://C:/Program Files/Java/jbr-21.0.3-windows-x64-b509.4!/jdk.jcmd" type="simple" />
            <root url="jrt://C:/Program Files/Java/jbr-21.0.3-windows-x64-b509.4!/jdk.jdi" type="simple" />
            <root url="jrt://C:/Program Files/Java/jbr-21.0.3-windows-x64-b509.4!/jdk.jdwp.agent" type="simple" />
            <root url="jrt://C:/Program Files/Java/jbr-21.0.3-windows-x64-b509.4!/jdk.jfr" type="simple" />
            <root url="jrt://C:/Program Files/Java/jbr-21.0.3-windows-x64-b509.4!/jdk.jsobject" type="simple" />
            <root url="jrt://C:/Program Files/Java/jbr-21.0.3-windows-x64-b509.4!/jdk.localedata" type="simple" />
            <root url="jrt://C:/Program Files/Java/jbr-21.0.3-windows-x64-b509.4!/jdk.management" type="simple" />
            <root url="jrt://C:/Program Files/Java/jbr-21.0.3-windows-x64-b509.4!/jdk.management.agent" type="simple" />
            <root url="jrt://C:/Program Files/Java/jbr-21.0.3-windows-x64-b509.4!/jdk.management.jfr" type="simple" />
            <root url="jrt://C:/Program Files/Java/jbr-21.0.3-windows-x64-b509.4!/jdk.naming.dns" type="simple" />
            <root url="jrt://C:/Program Files/Java/jbr-21.0.3-windows-x64-b509.4!/jdk.naming.rmi" type="simple" />
            <root url="jrt://C:/Program Files/Java/jbr-21.0.3-windows-x64-b509.4!/jdk.net" type="simple" />
            <root url="jrt://C:/Program Files/Java/jbr-21.0.3-windows-x64-b509.4!/jdk.sctp" type="simple" />
            <root url="jrt://C:/Program Files/Java/jbr-21.0.3-windows-x64-b509.4!/jdk.security.auth" type="simple" />
            <root url="jrt://C:/Program Files/Java/jbr-21.0.3-windows-x64-b509.4!/jdk.security.jgss" type="simple" />
            <root url="jrt://C:/Program Files/Java/jbr-21.0.3-windows-x64-b509.4!/jdk.unsupported" type="simple" />
            <root url="jrt://C:/Program Files/Java/jbr-21.0.3-windows-x64-b509.4!/jdk.unsupported.desktop" type="simple" />
            <root url="jrt://C:/Program Files/Java/jbr-21.0.3-windows-x64-b509.4!/jdk.xml.dom" type="simple" />
            <root url="jrt://C:/Program Files/Java/jbr-21.0.3-windows-x64-b509.4!/jdk.zipfs" type="simple" />
          </root>
        </classPath>
        <javadocPath>
          <root type="composite" />
        </javadocPath>
        <sourcePath>
          <root type="composite" />
        </sourcePath>
      </roots>
      <additional />
    </jdk>
    <jdk version="2">
      <name value="Kotlin SDK" />
      <type value="KotlinSDK" />
      <homePath value="/" />
      <roots>
        <annotationsPath>
          <root type="composite" />
        </annotationsPath>
        <classPath>
          <root type="composite" />
        </classPath>
        <javadocPath>
          <root type="composite" />
        </javadocPath>
        <sourcePath>
          <root type="composite" />
        </sourcePath>
      </roots>
    </jdk>
    <jdk version="2">
      <name value="21 (WSL)" />
      <type value="JavaSDK" />
      <version value="Oracle OpenJDK 21.0.4" />
      <homePath value="//wsl.localhost/Ubuntu/usr/lib/jvm/jdk-21.0.4-oracle-x64" />
      <roots>
        <annotationsPath>
          <root type="composite" />
        </annotationsPath>
        <classPath>
          <root type="composite">
            <root url="jrt:////wsl.localhost/Ubuntu/usr/lib/jvm/jdk-21.0.4-oracle-x64!/java.base" type="simple" />
            <root url="jrt:////wsl.localhost/Ubuntu/usr/lib/jvm/jdk-21.0.4-oracle-x64!/java.compiler" type="simple" />
            <root url="jrt:////wsl.localhost/Ubuntu/usr/lib/jvm/jdk-21.0.4-oracle-x64!/java.datatransfer" type="simple" />
            <root url="jrt:////wsl.localhost/Ubuntu/usr/lib/jvm/jdk-21.0.4-oracle-x64!/java.desktop" type="simple" />
            <root url="jrt:////wsl.localhost/Ubuntu/usr/lib/jvm/jdk-21.0.4-oracle-x64!/java.instrument" type="simple" />
            <root url="jrt:////wsl.localhost/Ubuntu/usr/lib/jvm/jdk-21.0.4-oracle-x64!/java.logging" type="simple" />
            <root url="jrt:////wsl.localhost/Ubuntu/usr/lib/jvm/jdk-21.0.4-oracle-x64!/java.management" type="simple" />
            <root url="jrt:////wsl.localhost/Ubuntu/usr/lib/jvm/jdk-21.0.4-oracle-x64!/java.management.rmi" type="simple" />
            <root url="jrt:////wsl.localhost/Ubuntu/usr/lib/jvm/jdk-21.0.4-oracle-x64!/java.naming" type="simple" />
            <root url="jrt:////wsl.localhost/Ubuntu/usr/lib/jvm/jdk-21.0.4-oracle-x64!/java.net.http" type="simple" />
            <root url="jrt:////wsl.localhost/Ubuntu/usr/lib/jvm/jdk-21.0.4-oracle-x64!/java.prefs" type="simple" />
            <root url="jrt:////wsl.localhost/Ubuntu/usr/lib/jvm/jdk-21.0.4-oracle-x64!/java.rmi" type="simple" />
            <root url="jrt:////wsl.localhost/Ubuntu/usr/lib/jvm/jdk-21.0.4-oracle-x64!/java.scripting" type="simple" />
            <root url="jrt:////wsl.localhost/Ubuntu/usr/lib/jvm/jdk-21.0.4-oracle-x64!/java.se" type="simple" />
            <root url="jrt:////wsl.localhost/Ubuntu/usr/lib/jvm/jdk-21.0.4-oracle-x64!/java.security.jgss" type="simple" />
            <root url="jrt:////wsl.localhost/Ubuntu/usr/lib/jvm/jdk-21.0.4-oracle-x64!/java.security.sasl" type="simple" />
            <root url="jrt:////wsl.localhost/Ubuntu/usr/lib/jvm/jdk-21.0.4-oracle-x64!/java.smartcardio" type="simple" />
            <root url="jrt:////wsl.localhost/Ubuntu/usr/lib/jvm/jdk-21.0.4-oracle-x64!/java.sql" type="simple" />
            <root url="jrt:////wsl.localhost/Ubuntu/usr/lib/jvm/jdk-21.0.4-oracle-x64!/java.sql.rowset" type="simple" />
            <root url="jrt:////wsl.localhost/Ubuntu/usr/lib/jvm/jdk-21.0.4-oracle-x64!/java.transaction.xa" type="simple" />
            <root url="jrt:////wsl.localhost/Ubuntu/usr/lib/jvm/jdk-21.0.4-oracle-x64!/java.xml" type="simple" />
            <root url="jrt:////wsl.localhost/Ubuntu/usr/lib/jvm/jdk-21.0.4-oracle-x64!/java.xml.crypto" type="simple" />
            <root url="jrt:////wsl.localhost/Ubuntu/usr/lib/jvm/jdk-21.0.4-oracle-x64!/jdk.accessibility" type="simple" />
            <root url="jrt:////wsl.localhost/Ubuntu/usr/lib/jvm/jdk-21.0.4-oracle-x64!/jdk.attach" type="simple" />
            <root url="jrt:////wsl.localhost/Ubuntu/usr/lib/jvm/jdk-21.0.4-oracle-x64!/jdk.charsets" type="simple" />
            <root url="jrt:////wsl.localhost/Ubuntu/usr/lib/jvm/jdk-21.0.4-oracle-x64!/jdk.compiler" type="simple" />
            <root url="jrt:////wsl.localhost/Ubuntu/usr/lib/jvm/jdk-21.0.4-oracle-x64!/jdk.crypto.cryptoki" type="simple" />
            <root url="jrt:////wsl.localhost/Ubuntu/usr/lib/jvm/jdk-21.0.4-oracle-x64!/jdk.crypto.ec" type="simple" />
            <root url="jrt:////wsl.localhost/Ubuntu/usr/lib/jvm/jdk-21.0.4-oracle-x64!/jdk.dynalink" type="simple" />
            <root url="jrt:////wsl.localhost/Ubuntu/usr/lib/jvm/jdk-21.0.4-oracle-x64!/jdk.editpad" type="simple" />
            <root url="jrt:////wsl.localhost/Ubuntu/usr/lib/jvm/jdk-21.0.4-oracle-x64!/jdk.hotspot.agent" type="simple" />
            <root url="jrt:////wsl.localhost/Ubuntu/usr/lib/jvm/jdk-21.0.4-oracle-x64!/jdk.httpserver" type="simple" />
            <root url="jrt:////wsl.localhost/Ubuntu/usr/lib/jvm/jdk-21.0.4-oracle-x64!/jdk.incubator.vector" type="simple" />
            <root url="jrt:////wsl.localhost/Ubuntu/usr/lib/jvm/jdk-21.0.4-oracle-x64!/jdk.internal.ed" type="simple" />
            <root url="jrt:////wsl.localhost/Ubuntu/usr/lib/jvm/jdk-21.0.4-oracle-x64!/jdk.internal.jvmstat" type="simple" />
            <root url="jrt:////wsl.localhost/Ubuntu/usr/lib/jvm/jdk-21.0.4-oracle-x64!/jdk.internal.le" type="simple" />
            <root url="jrt:////wsl.localhost/Ubuntu/usr/lib/jvm/jdk-21.0.4-oracle-x64!/jdk.internal.opt" type="simple" />
            <root url="jrt:////wsl.localhost/Ubuntu/usr/lib/jvm/jdk-21.0.4-oracle-x64!/jdk.internal.vm.ci" type="simple" />
            <root url="jrt:////wsl.localhost/Ubuntu/usr/lib/jvm/jdk-21.0.4-oracle-x64!/jdk.internal.vm.compiler" type="simple" />
            <root url="jrt:////wsl.localhost/Ubuntu/usr/lib/jvm/jdk-21.0.4-oracle-x64!/jdk.internal.vm.compiler.management" type="simple" />
            <root url="jrt:////wsl.localhost/Ubuntu/usr/lib/jvm/jdk-21.0.4-oracle-x64!/jdk.jartool" type="simple" />
            <root url="jrt:////wsl.localhost/Ubuntu/usr/lib/jvm/jdk-21.0.4-oracle-x64!/jdk.javadoc" type="simple" />
            <root url="jrt:////wsl.localhost/Ubuntu/usr/lib/jvm/jdk-21.0.4-oracle-x64!/jdk.jcmd" type="simple" />
            <root url="jrt:////wsl.localhost/Ubuntu/usr/lib/jvm/jdk-21.0.4-oracle-x64!/jdk.jconsole" type="simple" />
            <root url="jrt:////wsl.localhost/Ubuntu/usr/lib/jvm/jdk-21.0.4-oracle-x64!/jdk.jdeps" type="simple" />
            <root url="jrt:////wsl.localhost/Ubuntu/usr/lib/jvm/jdk-21.0.4-oracle-x64!/jdk.jdi" type="simple" />
            <root url="jrt:////wsl.localhost/Ubuntu/usr/lib/jvm/jdk-21.0.4-oracle-x64!/jdk.jdwp.agent" type="simple" />
            <root url="jrt:////wsl.localhost/Ubuntu/usr/lib/jvm/jdk-21.0.4-oracle-x64!/jdk.jfr" type="simple" />
            <root url="jrt:////wsl.localhost/Ubuntu/usr/lib/jvm/jdk-21.0.4-oracle-x64!/jdk.jlink" type="simple" />
            <root url="jrt:////wsl.localhost/Ubuntu/usr/lib/jvm/jdk-21.0.4-oracle-x64!/jdk.jpackage" type="simple" />
            <root url="jrt:////wsl.localhost/Ubuntu/usr/lib/jvm/jdk-21.0.4-oracle-x64!/jdk.jshell" type="simple" />
            <root url="jrt:////wsl.localhost/Ubuntu/usr/lib/jvm/jdk-21.0.4-oracle-x64!/jdk.jsobject" type="simple" />
            <root url="jrt:////wsl.localhost/Ubuntu/usr/lib/jvm/jdk-21.0.4-oracle-x64!/jdk.jstatd" type="simple" />
            <root url="jrt:////wsl.localhost/Ubuntu/usr/lib/jvm/jdk-21.0.4-oracle-x64!/jdk.localedata" type="simple" />
            <root url="jrt:////wsl.localhost/Ubuntu/usr/lib/jvm/jdk-21.0.4-oracle-x64!/jdk.management" type="simple" />
            <root url="jrt:////wsl.localhost/Ubuntu/usr/lib/jvm/jdk-21.0.4-oracle-x64!/jdk.management.agent" type="simple" />
            <root url="jrt:////wsl.localhost/Ubuntu/usr/lib/jvm/jdk-21.0.4-oracle-x64!/jdk.management.jfr" type="simple" />
            <root url="jrt:////wsl.localhost/Ubuntu/usr/lib/jvm/jdk-21.0.4-oracle-x64!/jdk.naming.dns" type="simple" />
            <root url="jrt:////wsl.localhost/Ubuntu/usr/lib/jvm/jdk-21.0.4-oracle-x64!/jdk.naming.rmi" type="simple" />
            <root url="jrt:////wsl.localhost/Ubuntu/usr/lib/jvm/jdk-21.0.4-oracle-x64!/jdk.net" type="simple" />
            <root url="jrt:////wsl.localhost/Ubuntu/usr/lib/jvm/jdk-21.0.4-oracle-x64!/jdk.nio.mapmode" type="simple" />
            <root url="jrt:////wsl.localhost/Ubuntu/usr/lib/jvm/jdk-21.0.4-oracle-x64!/jdk.random" type="simple" />
            <root url="jrt:////wsl.localhost/Ubuntu/usr/lib/jvm/jdk-21.0.4-oracle-x64!/jdk.sctp" type="simple" />
            <root url="jrt:////wsl.localhost/Ubuntu/usr/lib/jvm/jdk-21.0.4-oracle-x64!/jdk.security.auth" type="simple" />
            <root url="jrt:////wsl.localhost/Ubuntu/usr/lib/jvm/jdk-21.0.4-oracle-x64!/jdk.security.jgss" type="simple" />
            <root url="jrt:////wsl.localhost/Ubuntu/usr/lib/jvm/jdk-21.0.4-oracle-x64!/jdk.unsupported" type="simple" />
            <root url="jrt:////wsl.localhost/Ubuntu/usr/lib/jvm/jdk-21.0.4-oracle-x64!/jdk.unsupported.desktop" type="simple" />
            <root url="jrt:////wsl.localhost/Ubuntu/usr/lib/jvm/jdk-21.0.4-oracle-x64!/jdk.xml.dom" type="simple" />
            <root url="jrt:////wsl.localhost/Ubuntu/usr/lib/jvm/jdk-21.0.4-oracle-x64!/jdk.zipfs" type="simple" />
          </root>
        </classPath>
        <javadocPath>
          <root type="composite" />
        </javadocPath>
        <sourcePath>
          <root type="composite">
            <root url="jar:////wsl.localhost/Ubuntu/usr/lib/jvm/jdk-21.0.4-oracle-x64/lib/src.zip!/java.se" type="simple" />
            <root url="jar:////wsl.localhost/Ubuntu/usr/lib/jvm/jdk-21.0.4-oracle-x64/lib/src.zip!/jdk.jdi" type="simple" />
            <root url="jar:////wsl.localhost/Ubuntu/usr/lib/jvm/jdk-21.0.4-oracle-x64/lib/src.zip!/jdk.jfr" type="simple" />
            <root url="jar:////wsl.localhost/Ubuntu/usr/lib/jvm/jdk-21.0.4-oracle-x64/lib/src.zip!/jdk.net" type="simple" />
            <root url="jar:////wsl.localhost/Ubuntu/usr/lib/jvm/jdk-21.0.4-oracle-x64/lib/src.zip!/java.rmi" type="simple" />
            <root url="jar:////wsl.localhost/Ubuntu/usr/lib/jvm/jdk-21.0.4-oracle-x64/lib/src.zip!/java.sql" type="simple" />
            <root url="jar:////wsl.localhost/Ubuntu/usr/lib/jvm/jdk-21.0.4-oracle-x64/lib/src.zip!/java.xml" type="simple" />
            <root url="jar:////wsl.localhost/Ubuntu/usr/lib/jvm/jdk-21.0.4-oracle-x64/lib/src.zip!/jdk.jcmd" type="simple" />
            <root url="jar:////wsl.localhost/Ubuntu/usr/lib/jvm/jdk-21.0.4-oracle-x64/lib/src.zip!/jdk.sctp" type="simple" />
            <root url="jar:////wsl.localhost/Ubuntu/usr/lib/jvm/jdk-21.0.4-oracle-x64/lib/src.zip!/java.base" type="simple" />
            <root url="jar:////wsl.localhost/Ubuntu/usr/lib/jvm/jdk-21.0.4-oracle-x64/lib/src.zip!/jdk.jdeps" type="simple" />
            <root url="jar:////wsl.localhost/Ubuntu/usr/lib/jvm/jdk-21.0.4-oracle-x64/lib/src.zip!/jdk.jlink" type="simple" />
            <root url="jar:////wsl.localhost/Ubuntu/usr/lib/jvm/jdk-21.0.4-oracle-x64/lib/src.zip!/jdk.zipfs" type="simple" />
            <root url="jar:////wsl.localhost/Ubuntu/usr/lib/jvm/jdk-21.0.4-oracle-x64/lib/src.zip!/java.prefs" type="simple" />
            <root url="jar:////wsl.localhost/Ubuntu/usr/lib/jvm/jdk-21.0.4-oracle-x64/lib/src.zip!/jdk.attach" type="simple" />
            <root url="jar:////wsl.localhost/Ubuntu/usr/lib/jvm/jdk-21.0.4-oracle-x64/lib/src.zip!/jdk.jshell" type="simple" />
            <root url="jar:////wsl.localhost/Ubuntu/usr/lib/jvm/jdk-21.0.4-oracle-x64/lib/src.zip!/jdk.jstatd" type="simple" />
            <root url="jar:////wsl.localhost/Ubuntu/usr/lib/jvm/jdk-21.0.4-oracle-x64/lib/src.zip!/jdk.random" type="simple" />
            <root url="jar:////wsl.localhost/Ubuntu/usr/lib/jvm/jdk-21.0.4-oracle-x64/lib/src.zip!/java.naming" type="simple" />
            <root url="jar:////wsl.localhost/Ubuntu/usr/lib/jvm/jdk-21.0.4-oracle-x64/lib/src.zip!/jdk.editpad" type="simple" />
            <root url="jar:////wsl.localhost/Ubuntu/usr/lib/jvm/jdk-21.0.4-oracle-x64/lib/src.zip!/jdk.jartool" type="simple" />
            <root url="jar:////wsl.localhost/Ubuntu/usr/lib/jvm/jdk-21.0.4-oracle-x64/lib/src.zip!/jdk.javadoc" type="simple" />
            <root url="jar:////wsl.localhost/Ubuntu/usr/lib/jvm/jdk-21.0.4-oracle-x64/lib/src.zip!/jdk.xml.dom" type="simple" />
            <root url="jar:////wsl.localhost/Ubuntu/usr/lib/jvm/jdk-21.0.4-oracle-x64/lib/src.zip!/java.desktop" type="simple" />
            <root url="jar:////wsl.localhost/Ubuntu/usr/lib/jvm/jdk-21.0.4-oracle-x64/lib/src.zip!/java.logging" type="simple" />
            <root url="jar:////wsl.localhost/Ubuntu/usr/lib/jvm/jdk-21.0.4-oracle-x64/lib/src.zip!/jdk.charsets" type="simple" />
            <root url="jar:////wsl.localhost/Ubuntu/usr/lib/jvm/jdk-21.0.4-oracle-x64/lib/src.zip!/jdk.compiler" type="simple" />
            <root url="jar:////wsl.localhost/Ubuntu/usr/lib/jvm/jdk-21.0.4-oracle-x64/lib/src.zip!/jdk.dynalink" type="simple" />
            <root url="jar:////wsl.localhost/Ubuntu/usr/lib/jvm/jdk-21.0.4-oracle-x64/lib/src.zip!/jdk.jconsole" type="simple" />
            <root url="jar:////wsl.localhost/Ubuntu/usr/lib/jvm/jdk-21.0.4-oracle-x64/lib/src.zip!/jdk.jpackage" type="simple" />
            <root url="jar:////wsl.localhost/Ubuntu/usr/lib/jvm/jdk-21.0.4-oracle-x64/lib/src.zip!/jdk.jsobject" type="simple" />
            <root url="jar:////wsl.localhost/Ubuntu/usr/lib/jvm/jdk-21.0.4-oracle-x64/lib/src.zip!/java.compiler" type="simple" />
            <root url="jar:////wsl.localhost/Ubuntu/usr/lib/jvm/jdk-21.0.4-oracle-x64/lib/src.zip!/java.net.http" type="simple" />
            <root url="jar:////wsl.localhost/Ubuntu/usr/lib/jvm/jdk-21.0.4-oracle-x64/lib/src.zip!/jdk.crypto.ec" type="simple" />
            <root url="jar:////wsl.localhost/Ubuntu/usr/lib/jvm/jdk-21.0.4-oracle-x64/lib/src.zip!/java.scripting" type="simple" />
            <root url="jar:////wsl.localhost/Ubuntu/usr/lib/jvm/jdk-21.0.4-oracle-x64/lib/src.zip!/jdk.httpserver" type="simple" />
            <root url="jar:////wsl.localhost/Ubuntu/usr/lib/jvm/jdk-21.0.4-oracle-x64/lib/src.zip!/jdk.jdwp.agent" type="simple" />
            <root url="jar:////wsl.localhost/Ubuntu/usr/lib/jvm/jdk-21.0.4-oracle-x64/lib/src.zip!/jdk.localedata" type="simple" />
            <root url="jar:////wsl.localhost/Ubuntu/usr/lib/jvm/jdk-21.0.4-oracle-x64/lib/src.zip!/jdk.management" type="simple" />
            <root url="jar:////wsl.localhost/Ubuntu/usr/lib/jvm/jdk-21.0.4-oracle-x64/lib/src.zip!/jdk.naming.dns" type="simple" />
            <root url="jar:////wsl.localhost/Ubuntu/usr/lib/jvm/jdk-21.0.4-oracle-x64/lib/src.zip!/jdk.naming.rmi" type="simple" />
            <root url="jar:////wsl.localhost/Ubuntu/usr/lib/jvm/jdk-21.0.4-oracle-x64/lib/src.zip!/java.instrument" type="simple" />
            <root url="jar:////wsl.localhost/Ubuntu/usr/lib/jvm/jdk-21.0.4-oracle-x64/lib/src.zip!/java.management" type="simple" />
            <root url="jar:////wsl.localhost/Ubuntu/usr/lib/jvm/jdk-21.0.4-oracle-x64/lib/src.zip!/java.sql.rowset" type="simple" />
            <root url="jar:////wsl.localhost/Ubuntu/usr/lib/jvm/jdk-21.0.4-oracle-x64/lib/src.zip!/java.xml.crypto" type="simple" />
            <root url="jar:////wsl.localhost/Ubuntu/usr/lib/jvm/jdk-21.0.4-oracle-x64/lib/src.zip!/jdk.internal.ed" type="simple" />
            <root url="jar:////wsl.localhost/Ubuntu/usr/lib/jvm/jdk-21.0.4-oracle-x64/lib/src.zip!/jdk.internal.le" type="simple" />
            <root url="jar:////wsl.localhost/Ubuntu/usr/lib/jvm/jdk-21.0.4-oracle-x64/lib/src.zip!/jdk.nio.mapmode" type="simple" />
            <root url="jar:////wsl.localhost/Ubuntu/usr/lib/jvm/jdk-21.0.4-oracle-x64/lib/src.zip!/jdk.unsupported" type="simple" />
            <root url="jar:////wsl.localhost/Ubuntu/usr/lib/jvm/jdk-21.0.4-oracle-x64/lib/src.zip!/java.smartcardio" type="simple" />
            <root url="jar:////wsl.localhost/Ubuntu/usr/lib/jvm/jdk-21.0.4-oracle-x64/lib/src.zip!/jdk.internal.opt" type="simple" />
            <root url="jar:////wsl.localhost/Ubuntu/usr/lib/jvm/jdk-21.0.4-oracle-x64/lib/src.zip!/java.datatransfer" type="simple" />
            <root url="jar:////wsl.localhost/Ubuntu/usr/lib/jvm/jdk-21.0.4-oracle-x64/lib/src.zip!/jdk.accessibility" type="simple" />
            <root url="jar:////wsl.localhost/Ubuntu/usr/lib/jvm/jdk-21.0.4-oracle-x64/lib/src.zip!/jdk.hotspot.agent" type="simple" />
            <root url="jar:////wsl.localhost/Ubuntu/usr/lib/jvm/jdk-21.0.4-oracle-x64/lib/src.zip!/jdk.security.auth" type="simple" />
            <root url="jar:////wsl.localhost/Ubuntu/usr/lib/jvm/jdk-21.0.4-oracle-x64/lib/src.zip!/jdk.security.jgss" type="simple" />
            <root url="jar:////wsl.localhost/Ubuntu/usr/lib/jvm/jdk-21.0.4-oracle-x64/lib/src.zip!/java.security.jgss" type="simple" />
            <root url="jar:////wsl.localhost/Ubuntu/usr/lib/jvm/jdk-21.0.4-oracle-x64/lib/src.zip!/java.security.sasl" type="simple" />
            <root url="jar:////wsl.localhost/Ubuntu/usr/lib/jvm/jdk-21.0.4-oracle-x64/lib/src.zip!/jdk.internal.vm.ci" type="simple" />
            <root url="jar:////wsl.localhost/Ubuntu/usr/lib/jvm/jdk-21.0.4-oracle-x64/lib/src.zip!/jdk.management.jfr" type="simple" />
            <root url="jar:////wsl.localhost/Ubuntu/usr/lib/jvm/jdk-21.0.4-oracle-x64/lib/src.zip!/java.management.rmi" type="simple" />
            <root url="jar:////wsl.localhost/Ubuntu/usr/lib/jvm/jdk-21.0.4-oracle-x64/lib/src.zip!/java.transaction.xa" type="simple" />
            <root url="jar:////wsl.localhost/Ubuntu/usr/lib/jvm/jdk-21.0.4-oracle-x64/lib/src.zip!/jdk.crypto.cryptoki" type="simple" />
            <root url="jar:////wsl.localhost/Ubuntu/usr/lib/jvm/jdk-21.0.4-oracle-x64/lib/src.zip!/jdk.incubator.vector" type="simple" />
            <root url="jar:////wsl.localhost/Ubuntu/usr/lib/jvm/jdk-21.0.4-oracle-x64/lib/src.zip!/jdk.internal.jvmstat" type="simple" />
            <root url="jar:////wsl.localhost/Ubuntu/usr/lib/jvm/jdk-21.0.4-oracle-x64/lib/src.zip!/jdk.management.agent" type="simple" />
            <root url="jar:////wsl.localhost/Ubuntu/usr/lib/jvm/jdk-21.0.4-oracle-x64/lib/src.zip!/jdk.unsupported.desktop" type="simple" />
            <root url="jar:////wsl.localhost/Ubuntu/usr/lib/jvm/jdk-21.0.4-oracle-x64/lib/src.zip!/jdk.internal.vm.compiler" type="simple" />
            <root url="jar:////wsl.localhost/Ubuntu/usr/lib/jvm/jdk-21.0.4-oracle-x64/lib/src.zip!/jdk.internal.vm.compiler.management" type="simple" />
          </root>
        </sourcePath>
      </roots>
    </jdk>
    <jdk version="2">
      <name value="21" />
      <type value="JavaSDK" />
      <version value="Oracle OpenJDK 21.0.2" />
      <homePath value="$USER_HOME$/.jdks/openjdk-21.0.2" />
      <roots>
        <annotationsPath>
          <root type="composite" />
        </annotationsPath>
        <classPath>
          <root type="composite">
            <root url="jrt://$USER_HOME$/.jdks/openjdk-21.0.2!/java.base" type="simple" />
            <root url="jrt://$USER_HOME$/.jdks/openjdk-21.0.2!/java.compiler" type="simple" />
            <root url="jrt://$USER_HOME$/.jdks/openjdk-21.0.2!/java.datatransfer" type="simple" />
            <root url="jrt://$USER_HOME$/.jdks/openjdk-21.0.2!/java.desktop" type="simple" />
            <root url="jrt://$USER_HOME$/.jdks/openjdk-21.0.2!/java.instrument" type="simple" />
            <root url="jrt://$USER_HOME$/.jdks/openjdk-21.0.2!/java.logging" type="simple" />
            <root url="jrt://$USER_HOME$/.jdks/openjdk-21.0.2!/java.management" type="simple" />
            <root url="jrt://$USER_HOME$/.jdks/openjdk-21.0.2!/java.management.rmi" type="simple" />
            <root url="jrt://$USER_HOME$/.jdks/openjdk-21.0.2!/java.naming" type="simple" />
            <root url="jrt://$USER_HOME$/.jdks/openjdk-21.0.2!/java.net.http" type="simple" />
            <root url="jrt://$USER_HOME$/.jdks/openjdk-21.0.2!/java.prefs" type="simple" />
            <root url="jrt://$USER_HOME$/.jdks/openjdk-21.0.2!/java.rmi" type="simple" />
            <root url="jrt://$USER_HOME$/.jdks/openjdk-21.0.2!/java.scripting" type="simple" />
            <root url="jrt://$USER_HOME$/.jdks/openjdk-21.0.2!/java.se" type="simple" />
            <root url="jrt://$USER_HOME$/.jdks/openjdk-21.0.2!/java.security.jgss" type="simple" />
            <root url="jrt://$USER_HOME$/.jdks/openjdk-21.0.2!/java.security.sasl" type="simple" />
            <root url="jrt://$USER_HOME$/.jdks/openjdk-21.0.2!/java.smartcardio" type="simple" />
            <root url="jrt://$USER_HOME$/.jdks/openjdk-21.0.2!/java.sql" type="simple" />
            <root url="jrt://$USER_HOME$/.jdks/openjdk-21.0.2!/java.sql.rowset" type="simple" />
            <root url="jrt://$USER_HOME$/.jdks/openjdk-21.0.2!/java.transaction.xa" type="simple" />
            <root url="jrt://$USER_HOME$/.jdks/openjdk-21.0.2!/java.xml" type="simple" />
            <root url="jrt://$USER_HOME$/.jdks/openjdk-21.0.2!/java.xml.crypto" type="simple" />
            <root url="jrt://$USER_HOME$/.jdks/openjdk-21.0.2!/jdk.accessibility" type="simple" />
            <root url="jrt://$USER_HOME$/.jdks/openjdk-21.0.2!/jdk.attach" type="simple" />
            <root url="jrt://$USER_HOME$/.jdks/openjdk-21.0.2!/jdk.charsets" type="simple" />
            <root url="jrt://$USER_HOME$/.jdks/openjdk-21.0.2!/jdk.compiler" type="simple" />
            <root url="jrt://$USER_HOME$/.jdks/openjdk-21.0.2!/jdk.crypto.cryptoki" type="simple" />
            <root url="jrt://$USER_HOME$/.jdks/openjdk-21.0.2!/jdk.crypto.ec" type="simple" />
            <root url="jrt://$USER_HOME$/.jdks/openjdk-21.0.2!/jdk.crypto.mscapi" type="simple" />
            <root url="jrt://$USER_HOME$/.jdks/openjdk-21.0.2!/jdk.dynalink" type="simple" />
            <root url="jrt://$USER_HOME$/.jdks/openjdk-21.0.2!/jdk.editpad" type="simple" />
            <root url="jrt://$USER_HOME$/.jdks/openjdk-21.0.2!/jdk.hotspot.agent" type="simple" />
            <root url="jrt://$USER_HOME$/.jdks/openjdk-21.0.2!/jdk.httpserver" type="simple" />
            <root url="jrt://$USER_HOME$/.jdks/openjdk-21.0.2!/jdk.incubator.vector" type="simple" />
            <root url="jrt://$USER_HOME$/.jdks/openjdk-21.0.2!/jdk.internal.ed" type="simple" />
            <root url="jrt://$USER_HOME$/.jdks/openjdk-21.0.2!/jdk.internal.jvmstat" type="simple" />
            <root url="jrt://$USER_HOME$/.jdks/openjdk-21.0.2!/jdk.internal.le" type="simple" />
            <root url="jrt://$USER_HOME$/.jdks/openjdk-21.0.2!/jdk.internal.opt" type="simple" />
            <root url="jrt://$USER_HOME$/.jdks/openjdk-21.0.2!/jdk.internal.vm.ci" type="simple" />
            <root url="jrt://$USER_HOME$/.jdks/openjdk-21.0.2!/jdk.internal.vm.compiler" type="simple" />
            <root url="jrt://$USER_HOME$/.jdks/openjdk-21.0.2!/jdk.internal.vm.compiler.management" type="simple" />
            <root url="jrt://$USER_HOME$/.jdks/openjdk-21.0.2!/jdk.jartool" type="simple" />
            <root url="jrt://$USER_HOME$/.jdks/openjdk-21.0.2!/jdk.javadoc" type="simple" />
            <root url="jrt://$USER_HOME$/.jdks/openjdk-21.0.2!/jdk.jcmd" type="simple" />
            <root url="jrt://$USER_HOME$/.jdks/openjdk-21.0.2!/jdk.jconsole" type="simple" />
            <root url="jrt://$USER_HOME$/.jdks/openjdk-21.0.2!/jdk.jdeps" type="simple" />
            <root url="jrt://$USER_HOME$/.jdks/openjdk-21.0.2!/jdk.jdi" type="simple" />
            <root url="jrt://$USER_HOME$/.jdks/openjdk-21.0.2!/jdk.jdwp.agent" type="simple" />
            <root url="jrt://$USER_HOME$/.jdks/openjdk-21.0.2!/jdk.jfr" type="simple" />
            <root url="jrt://$USER_HOME$/.jdks/openjdk-21.0.2!/jdk.jlink" type="simple" />
            <root url="jrt://$USER_HOME$/.jdks/openjdk-21.0.2!/jdk.jpackage" type="simple" />
            <root url="jrt://$USER_HOME$/.jdks/openjdk-21.0.2!/jdk.jshell" type="simple" />
            <root url="jrt://$USER_HOME$/.jdks/openjdk-21.0.2!/jdk.jsobject" type="simple" />
            <root url="jrt://$USER_HOME$/.jdks/openjdk-21.0.2!/jdk.jstatd" type="simple" />
            <root url="jrt://$USER_HOME$/.jdks/openjdk-21.0.2!/jdk.localedata" type="simple" />
            <root url="jrt://$USER_HOME$/.jdks/openjdk-21.0.2!/jdk.management" type="simple" />
            <root url="jrt://$USER_HOME$/.jdks/openjdk-21.0.2!/jdk.management.agent" type="simple" />
            <root url="jrt://$USER_HOME$/.jdks/openjdk-21.0.2!/jdk.management.jfr" type="simple" />
            <root url="jrt://$USER_HOME$/.jdks/openjdk-21.0.2!/jdk.naming.dns" type="simple" />
            <root url="jrt://$USER_HOME$/.jdks/openjdk-21.0.2!/jdk.naming.rmi" type="simple" />
            <root url="jrt://$USER_HOME$/.jdks/openjdk-21.0.2!/jdk.net" type="simple" />
            <root url="jrt://$USER_HOME$/.jdks/openjdk-21.0.2!/jdk.nio.mapmode" type="simple" />
            <root url="jrt://$USER_HOME$/.jdks/openjdk-21.0.2!/jdk.random" type="simple" />
            <root url="jrt://$USER_HOME$/.jdks/openjdk-21.0.2!/jdk.sctp" type="simple" />
            <root url="jrt://$USER_HOME$/.jdks/openjdk-21.0.2!/jdk.security.auth" type="simple" />
            <root url="jrt://$USER_HOME$/.jdks/openjdk-21.0.2!/jdk.security.jgss" type="simple" />
            <root url="jrt://$USER_HOME$/.jdks/openjdk-21.0.2!/jdk.unsupported" type="simple" />
            <root url="jrt://$USER_HOME$/.jdks/openjdk-21.0.2!/jdk.unsupported.desktop" type="simple" />
            <root url="jrt://$USER_HOME$/.jdks/openjdk-21.0.2!/jdk.xml.dom" type="simple" />
            <root url="jrt://$USER_HOME$/.jdks/openjdk-21.0.2!/jdk.zipfs" type="simple" />
          </root>
        </classPath>
        <javadocPath>
          <root type="composite" />
        </javadocPath>
        <sourcePath>
          <root type="composite">
            <root url="jar://$USER_HOME$/.jdks/openjdk-21.0.2/lib/src.zip!/java.se" type="simple" />
            <root url="jar://$USER_HOME$/.jdks/openjdk-21.0.2/lib/src.zip!/jdk.jdi" type="simple" />
            <root url="jar://$USER_HOME$/.jdks/openjdk-21.0.2/lib/src.zip!/jdk.jfr" type="simple" />
            <root url="jar://$USER_HOME$/.jdks/openjdk-21.0.2/lib/src.zip!/jdk.net" type="simple" />
            <root url="jar://$USER_HOME$/.jdks/openjdk-21.0.2/lib/src.zip!/java.rmi" type="simple" />
            <root url="jar://$USER_HOME$/.jdks/openjdk-21.0.2/lib/src.zip!/java.sql" type="simple" />
            <root url="jar://$USER_HOME$/.jdks/openjdk-21.0.2/lib/src.zip!/java.xml" type="simple" />
            <root url="jar://$USER_HOME$/.jdks/openjdk-21.0.2/lib/src.zip!/jdk.jcmd" type="simple" />
            <root url="jar://$USER_HOME$/.jdks/openjdk-21.0.2/lib/src.zip!/jdk.sctp" type="simple" />
            <root url="jar://$USER_HOME$/.jdks/openjdk-21.0.2/lib/src.zip!/java.base" type="simple" />
            <root url="jar://$USER_HOME$/.jdks/openjdk-21.0.2/lib/src.zip!/jdk.jdeps" type="simple" />
            <root url="jar://$USER_HOME$/.jdks/openjdk-21.0.2/lib/src.zip!/jdk.jlink" type="simple" />
            <root url="jar://$USER_HOME$/.jdks/openjdk-21.0.2/lib/src.zip!/jdk.zipfs" type="simple" />
            <root url="jar://$USER_HOME$/.jdks/openjdk-21.0.2/lib/src.zip!/java.prefs" type="simple" />
            <root url="jar://$USER_HOME$/.jdks/openjdk-21.0.2/lib/src.zip!/jdk.attach" type="simple" />
            <root url="jar://$USER_HOME$/.jdks/openjdk-21.0.2/lib/src.zip!/jdk.jshell" type="simple" />
            <root url="jar://$USER_HOME$/.jdks/openjdk-21.0.2/lib/src.zip!/jdk.jstatd" type="simple" />
            <root url="jar://$USER_HOME$/.jdks/openjdk-21.0.2/lib/src.zip!/jdk.random" type="simple" />
            <root url="jar://$USER_HOME$/.jdks/openjdk-21.0.2/lib/src.zip!/java.naming" type="simple" />
            <root url="jar://$USER_HOME$/.jdks/openjdk-21.0.2/lib/src.zip!/jdk.editpad" type="simple" />
            <root url="jar://$USER_HOME$/.jdks/openjdk-21.0.2/lib/src.zip!/jdk.jartool" type="simple" />
            <root url="jar://$USER_HOME$/.jdks/openjdk-21.0.2/lib/src.zip!/jdk.javadoc" type="simple" />
            <root url="jar://$USER_HOME$/.jdks/openjdk-21.0.2/lib/src.zip!/jdk.xml.dom" type="simple" />
            <root url="jar://$USER_HOME$/.jdks/openjdk-21.0.2/lib/src.zip!/java.desktop" type="simple" />
            <root url="jar://$USER_HOME$/.jdks/openjdk-21.0.2/lib/src.zip!/java.logging" type="simple" />
            <root url="jar://$USER_HOME$/.jdks/openjdk-21.0.2/lib/src.zip!/jdk.charsets" type="simple" />
            <root url="jar://$USER_HOME$/.jdks/openjdk-21.0.2/lib/src.zip!/jdk.compiler" type="simple" />
            <root url="jar://$USER_HOME$/.jdks/openjdk-21.0.2/lib/src.zip!/jdk.dynalink" type="simple" />
            <root url="jar://$USER_HOME$/.jdks/openjdk-21.0.2/lib/src.zip!/jdk.jconsole" type="simple" />
            <root url="jar://$USER_HOME$/.jdks/openjdk-21.0.2/lib/src.zip!/jdk.jpackage" type="simple" />
            <root url="jar://$USER_HOME$/.jdks/openjdk-21.0.2/lib/src.zip!/jdk.jsobject" type="simple" />
            <root url="jar://$USER_HOME$/.jdks/openjdk-21.0.2/lib/src.zip!/java.compiler" type="simple" />
            <root url="jar://$USER_HOME$/.jdks/openjdk-21.0.2/lib/src.zip!/java.net.http" type="simple" />
            <root url="jar://$USER_HOME$/.jdks/openjdk-21.0.2/lib/src.zip!/jdk.crypto.ec" type="simple" />
            <root url="jar://$USER_HOME$/.jdks/openjdk-21.0.2/lib/src.zip!/java.scripting" type="simple" />
            <root url="jar://$USER_HOME$/.jdks/openjdk-21.0.2/lib/src.zip!/jdk.httpserver" type="simple" />
            <root url="jar://$USER_HOME$/.jdks/openjdk-21.0.2/lib/src.zip!/jdk.jdwp.agent" type="simple" />
            <root url="jar://$USER_HOME$/.jdks/openjdk-21.0.2/lib/src.zip!/jdk.localedata" type="simple" />
            <root url="jar://$USER_HOME$/.jdks/openjdk-21.0.2/lib/src.zip!/jdk.management" type="simple" />
            <root url="jar://$USER_HOME$/.jdks/openjdk-21.0.2/lib/src.zip!/jdk.naming.dns" type="simple" />
            <root url="jar://$USER_HOME$/.jdks/openjdk-21.0.2/lib/src.zip!/jdk.naming.rmi" type="simple" />
            <root url="jar://$USER_HOME$/.jdks/openjdk-21.0.2/lib/src.zip!/java.instrument" type="simple" />
            <root url="jar://$USER_HOME$/.jdks/openjdk-21.0.2/lib/src.zip!/java.management" type="simple" />
            <root url="jar://$USER_HOME$/.jdks/openjdk-21.0.2/lib/src.zip!/java.sql.rowset" type="simple" />
            <root url="jar://$USER_HOME$/.jdks/openjdk-21.0.2/lib/src.zip!/java.xml.crypto" type="simple" />
            <root url="jar://$USER_HOME$/.jdks/openjdk-21.0.2/lib/src.zip!/jdk.internal.ed" type="simple" />
            <root url="jar://$USER_HOME$/.jdks/openjdk-21.0.2/lib/src.zip!/jdk.internal.le" type="simple" />
            <root url="jar://$USER_HOME$/.jdks/openjdk-21.0.2/lib/src.zip!/jdk.nio.mapmode" type="simple" />
            <root url="jar://$USER_HOME$/.jdks/openjdk-21.0.2/lib/src.zip!/jdk.unsupported" type="simple" />
            <root url="jar://$USER_HOME$/.jdks/openjdk-21.0.2/lib/src.zip!/java.smartcardio" type="simple" />
            <root url="jar://$USER_HOME$/.jdks/openjdk-21.0.2/lib/src.zip!/jdk.internal.opt" type="simple" />
            <root url="jar://$USER_HOME$/.jdks/openjdk-21.0.2/lib/src.zip!/java.datatransfer" type="simple" />
            <root url="jar://$USER_HOME$/.jdks/openjdk-21.0.2/lib/src.zip!/jdk.accessibility" type="simple" />
            <root url="jar://$USER_HOME$/.jdks/openjdk-21.0.2/lib/src.zip!/jdk.crypto.mscapi" type="simple" />
            <root url="jar://$USER_HOME$/.jdks/openjdk-21.0.2/lib/src.zip!/jdk.hotspot.agent" type="simple" />
            <root url="jar://$USER_HOME$/.jdks/openjdk-21.0.2/lib/src.zip!/jdk.security.auth" type="simple" />
            <root url="jar://$USER_HOME$/.jdks/openjdk-21.0.2/lib/src.zip!/jdk.security.jgss" type="simple" />
            <root url="jar://$USER_HOME$/.jdks/openjdk-21.0.2/lib/src.zip!/java.security.jgss" type="simple" />
            <root url="jar://$USER_HOME$/.jdks/openjdk-21.0.2/lib/src.zip!/java.security.sasl" type="simple" />
            <root url="jar://$USER_HOME$/.jdks/openjdk-21.0.2/lib/src.zip!/jdk.internal.vm.ci" type="simple" />
            <root url="jar://$USER_HOME$/.jdks/openjdk-21.0.2/lib/src.zip!/jdk.management.jfr" type="simple" />
            <root url="jar://$USER_HOME$/.jdks/openjdk-21.0.2/lib/src.zip!/java.management.rmi" type="simple" />
            <root url="jar://$USER_HOME$/.jdks/openjdk-21.0.2/lib/src.zip!/java.transaction.xa" type="simple" />
            <root url="jar://$USER_HOME$/.jdks/openjdk-21.0.2/lib/src.zip!/jdk.crypto.cryptoki" type="simple" />
            <root url="jar://$USER_HOME$/.jdks/openjdk-21.0.2/lib/src.zip!/jdk.incubator.vector" type="simple" />
            <root url="jar://$USER_HOME$/.jdks/openjdk-21.0.2/lib/src.zip!/jdk.internal.jvmstat" type="simple" />
            <root url="jar://$USER_HOME$/.jdks/openjdk-21.0.2/lib/src.zip!/jdk.management.agent" type="simple" />
            <root url="jar://$USER_HOME$/.jdks/openjdk-21.0.2/lib/src.zip!/jdk.unsupported.desktop" type="simple" />
            <root url="jar://$USER_HOME$/.jdks/openjdk-21.0.2/lib/src.zip!/jdk.internal.vm.compiler" type="simple" />
            <root url="jar://$USER_HOME$/.jdks/openjdk-21.0.2/lib/src.zip!/jdk.internal.vm.compiler.management" type="simple" />
          </root>
        </sourcePath>
      </roots>
    </jdk>
    <jdk version="2">
      <name value="21 (2)" />
      <type value="JavaSDK" />
      <version value="Oracle OpenJDK 21.0.3" />
      <homePath value="C:/Program Files/Java/jdk-21" />
      <roots>
        <annotationsPath>
          <root type="composite" />
        </annotationsPath>
        <classPath>
          <root type="composite">
            <root url="jrt://C:/Program Files/Java/jdk-21!/java.base" type="simple" />
            <root url="jrt://C:/Program Files/Java/jdk-21!/java.compiler" type="simple" />
            <root url="jrt://C:/Program Files/Java/jdk-21!/java.datatransfer" type="simple" />
            <root url="jrt://C:/Program Files/Java/jdk-21!/java.desktop" type="simple" />
            <root url="jrt://C:/Program Files/Java/jdk-21!/java.instrument" type="simple" />
            <root url="jrt://C:/Program Files/Java/jdk-21!/java.logging" type="simple" />
            <root url="jrt://C:/Program Files/Java/jdk-21!/java.management" type="simple" />
            <root url="jrt://C:/Program Files/Java/jdk-21!/java.management.rmi" type="simple" />
            <root url="jrt://C:/Program Files/Java/jdk-21!/java.naming" type="simple" />
            <root url="jrt://C:/Program Files/Java/jdk-21!/java.net.http" type="simple" />
            <root url="jrt://C:/Program Files/Java/jdk-21!/java.prefs" type="simple" />
            <root url="jrt://C:/Program Files/Java/jdk-21!/java.rmi" type="simple" />
            <root url="jrt://C:/Program Files/Java/jdk-21!/java.scripting" type="simple" />
            <root url="jrt://C:/Program Files/Java/jdk-21!/java.se" type="simple" />
            <root url="jrt://C:/Program Files/Java/jdk-21!/java.security.jgss" type="simple" />
            <root url="jrt://C:/Program Files/Java/jdk-21!/java.security.sasl" type="simple" />
            <root url="jrt://C:/Program Files/Java/jdk-21!/java.smartcardio" type="simple" />
            <root url="jrt://C:/Program Files/Java/jdk-21!/java.sql" type="simple" />
            <root url="jrt://C:/Program Files/Java/jdk-21!/java.sql.rowset" type="simple" />
            <root url="jrt://C:/Program Files/Java/jdk-21!/java.transaction.xa" type="simple" />
            <root url="jrt://C:/Program Files/Java/jdk-21!/java.xml" type="simple" />
            <root url="jrt://C:/Program Files/Java/jdk-21!/java.xml.crypto" type="simple" />
            <root url="jrt://C:/Program Files/Java/jdk-21!/jdk.accessibility" type="simple" />
            <root url="jrt://C:/Program Files/Java/jdk-21!/jdk.attach" type="simple" />
            <root url="jrt://C:/Program Files/Java/jdk-21!/jdk.charsets" type="simple" />
            <root url="jrt://C:/Program Files/Java/jdk-21!/jdk.compiler" type="simple" />
            <root url="jrt://C:/Program Files/Java/jdk-21!/jdk.crypto.cryptoki" type="simple" />
            <root url="jrt://C:/Program Files/Java/jdk-21!/jdk.crypto.ec" type="simple" />
            <root url="jrt://C:/Program Files/Java/jdk-21!/jdk.crypto.mscapi" type="simple" />
            <root url="jrt://C:/Program Files/Java/jdk-21!/jdk.dynalink" type="simple" />
            <root url="jrt://C:/Program Files/Java/jdk-21!/jdk.editpad" type="simple" />
            <root url="jrt://C:/Program Files/Java/jdk-21!/jdk.hotspot.agent" type="simple" />
            <root url="jrt://C:/Program Files/Java/jdk-21!/jdk.httpserver" type="simple" />
            <root url="jrt://C:/Program Files/Java/jdk-21!/jdk.incubator.vector" type="simple" />
            <root url="jrt://C:/Program Files/Java/jdk-21!/jdk.internal.ed" type="simple" />
            <root url="jrt://C:/Program Files/Java/jdk-21!/jdk.internal.jvmstat" type="simple" />
            <root url="jrt://C:/Program Files/Java/jdk-21!/jdk.internal.le" type="simple" />
            <root url="jrt://C:/Program Files/Java/jdk-21!/jdk.internal.opt" type="simple" />
            <root url="jrt://C:/Program Files/Java/jdk-21!/jdk.internal.vm.ci" type="simple" />
            <root url="jrt://C:/Program Files/Java/jdk-21!/jdk.internal.vm.compiler" type="simple" />
            <root url="jrt://C:/Program Files/Java/jdk-21!/jdk.internal.vm.compiler.management" type="simple" />
            <root url="jrt://C:/Program Files/Java/jdk-21!/jdk.jartool" type="simple" />
            <root url="jrt://C:/Program Files/Java/jdk-21!/jdk.javadoc" type="simple" />
            <root url="jrt://C:/Program Files/Java/jdk-21!/jdk.jcmd" type="simple" />
            <root url="jrt://C:/Program Files/Java/jdk-21!/jdk.jconsole" type="simple" />
            <root url="jrt://C:/Program Files/Java/jdk-21!/jdk.jdeps" type="simple" />
            <root url="jrt://C:/Program Files/Java/jdk-21!/jdk.jdi" type="simple" />
            <root url="jrt://C:/Program Files/Java/jdk-21!/jdk.jdwp.agent" type="simple" />
            <root url="jrt://C:/Program Files/Java/jdk-21!/jdk.jfr" type="simple" />
            <root url="jrt://C:/Program Files/Java/jdk-21!/jdk.jlink" type="simple" />
            <root url="jrt://C:/Program Files/Java/jdk-21!/jdk.jpackage" type="simple" />
            <root url="jrt://C:/Program Files/Java/jdk-21!/jdk.jshell" type="simple" />
            <root url="jrt://C:/Program Files/Java/jdk-21!/jdk.jsobject" type="simple" />
            <root url="jrt://C:/Program Files/Java/jdk-21!/jdk.jstatd" type="simple" />
            <root url="jrt://C:/Program Files/Java/jdk-21!/jdk.localedata" type="simple" />
            <root url="jrt://C:/Program Files/Java/jdk-21!/jdk.management" type="simple" />
            <root url="jrt://C:/Program Files/Java/jdk-21!/jdk.management.agent" type="simple" />
            <root url="jrt://C:/Program Files/Java/jdk-21!/jdk.management.jfr" type="simple" />
            <root url="jrt://C:/Program Files/Java/jdk-21!/jdk.naming.dns" type="simple" />
            <root url="jrt://C:/Program Files/Java/jdk-21!/jdk.naming.rmi" type="simple" />
            <root url="jrt://C:/Program Files/Java/jdk-21!/jdk.net" type="simple" />
            <root url="jrt://C:/Program Files/Java/jdk-21!/jdk.nio.mapmode" type="simple" />
            <root url="jrt://C:/Program Files/Java/jdk-21!/jdk.random" type="simple" />
            <root url="jrt://C:/Program Files/Java/jdk-21!/jdk.sctp" type="simple" />
            <root url="jrt://C:/Program Files/Java/jdk-21!/jdk.security.auth" type="simple" />
            <root url="jrt://C:/Program Files/Java/jdk-21!/jdk.security.jgss" type="simple" />
            <root url="jrt://C:/Program Files/Java/jdk-21!/jdk.unsupported" type="simple" />
            <root url="jrt://C:/Program Files/Java/jdk-21!/jdk.unsupported.desktop" type="simple" />
            <root url="jrt://C:/Program Files/Java/jdk-21!/jdk.xml.dom" type="simple" />
            <root url="jrt://C:/Program Files/Java/jdk-21!/jdk.zipfs" type="simple" />
          </root>
        </classPath>
        <javadocPath>
          <root type="composite" />
        </javadocPath>
        <sourcePath>
          <root type="composite">
            <root url="jar://C:/Program Files/Java/jdk-21/lib/src.zip!/java.se" type="simple" />
            <root url="jar://C:/Program Files/Java/jdk-21/lib/src.zip!/jdk.jdi" type="simple" />
            <root url="jar://C:/Program Files/Java/jdk-21/lib/src.zip!/jdk.jfr" type="simple" />
            <root url="jar://C:/Program Files/Java/jdk-21/lib/src.zip!/jdk.net" type="simple" />
            <root url="jar://C:/Program Files/Java/jdk-21/lib/src.zip!/java.rmi" type="simple" />
            <root url="jar://C:/Program Files/Java/jdk-21/lib/src.zip!/java.sql" type="simple" />
            <root url="jar://C:/Program Files/Java/jdk-21/lib/src.zip!/java.xml" type="simple" />
            <root url="jar://C:/Program Files/Java/jdk-21/lib/src.zip!/jdk.jcmd" type="simple" />
            <root url="jar://C:/Program Files/Java/jdk-21/lib/src.zip!/jdk.sctp" type="simple" />
            <root url="jar://C:/Program Files/Java/jdk-21/lib/src.zip!/java.base" type="simple" />
            <root url="jar://C:/Program Files/Java/jdk-21/lib/src.zip!/jdk.jdeps" type="simple" />
            <root url="jar://C:/Program Files/Java/jdk-21/lib/src.zip!/jdk.jlink" type="simple" />
            <root url="jar://C:/Program Files/Java/jdk-21/lib/src.zip!/jdk.zipfs" type="simple" />
            <root url="jar://C:/Program Files/Java/jdk-21/lib/src.zip!/java.prefs" type="simple" />
            <root url="jar://C:/Program Files/Java/jdk-21/lib/src.zip!/jdk.attach" type="simple" />
            <root url="jar://C:/Program Files/Java/jdk-21/lib/src.zip!/jdk.jshell" type="simple" />
            <root url="jar://C:/Program Files/Java/jdk-21/lib/src.zip!/jdk.jstatd" type="simple" />
            <root url="jar://C:/Program Files/Java/jdk-21/lib/src.zip!/jdk.random" type="simple" />
            <root url="jar://C:/Program Files/Java/jdk-21/lib/src.zip!/java.naming" type="simple" />
            <root url="jar://C:/Program Files/Java/jdk-21/lib/src.zip!/jdk.editpad" type="simple" />
            <root url="jar://C:/Program Files/Java/jdk-21/lib/src.zip!/jdk.jartool" type="simple" />
            <root url="jar://C:/Program Files/Java/jdk-21/lib/src.zip!/jdk.javadoc" type="simple" />
            <root url="jar://C:/Program Files/Java/jdk-21/lib/src.zip!/jdk.xml.dom" type="simple" />
            <root url="jar://C:/Program Files/Java/jdk-21/lib/src.zip!/java.desktop" type="simple" />
            <root url="jar://C:/Program Files/Java/jdk-21/lib/src.zip!/java.logging" type="simple" />
            <root url="jar://C:/Program Files/Java/jdk-21/lib/src.zip!/jdk.charsets" type="simple" />
            <root url="jar://C:/Program Files/Java/jdk-21/lib/src.zip!/jdk.compiler" type="simple" />
            <root url="jar://C:/Program Files/Java/jdk-21/lib/src.zip!/jdk.dynalink" type="simple" />
            <root url="jar://C:/Program Files/Java/jdk-21/lib/src.zip!/jdk.jconsole" type="simple" />
            <root url="jar://C:/Program Files/Java/jdk-21/lib/src.zip!/jdk.jpackage" type="simple" />
            <root url="jar://C:/Program Files/Java/jdk-21/lib/src.zip!/jdk.jsobject" type="simple" />
            <root url="jar://C:/Program Files/Java/jdk-21/lib/src.zip!/java.compiler" type="simple" />
            <root url="jar://C:/Program Files/Java/jdk-21/lib/src.zip!/java.net.http" type="simple" />
            <root url="jar://C:/Program Files/Java/jdk-21/lib/src.zip!/jdk.crypto.ec" type="simple" />
            <root url="jar://C:/Program Files/Java/jdk-21/lib/src.zip!/java.scripting" type="simple" />
            <root url="jar://C:/Program Files/Java/jdk-21/lib/src.zip!/jdk.httpserver" type="simple" />
            <root url="jar://C:/Program Files/Java/jdk-21/lib/src.zip!/jdk.jdwp.agent" type="simple" />
            <root url="jar://C:/Program Files/Java/jdk-21/lib/src.zip!/jdk.localedata" type="simple" />
            <root url="jar://C:/Program Files/Java/jdk-21/lib/src.zip!/jdk.management" type="simple" />
            <root url="jar://C:/Program Files/Java/jdk-21/lib/src.zip!/jdk.naming.dns" type="simple" />
            <root url="jar://C:/Program Files/Java/jdk-21/lib/src.zip!/jdk.naming.rmi" type="simple" />
            <root url="jar://C:/Program Files/Java/jdk-21/lib/src.zip!/java.instrument" type="simple" />
            <root url="jar://C:/Program Files/Java/jdk-21/lib/src.zip!/java.management" type="simple" />
            <root url="jar://C:/Program Files/Java/jdk-21/lib/src.zip!/java.sql.rowset" type="simple" />
            <root url="jar://C:/Program Files/Java/jdk-21/lib/src.zip!/java.xml.crypto" type="simple" />
            <root url="jar://C:/Program Files/Java/jdk-21/lib/src.zip!/jdk.internal.ed" type="simple" />
            <root url="jar://C:/Program Files/Java/jdk-21/lib/src.zip!/jdk.internal.le" type="simple" />
            <root url="jar://C:/Program Files/Java/jdk-21/lib/src.zip!/jdk.nio.mapmode" type="simple" />
            <root url="jar://C:/Program Files/Java/jdk-21/lib/src.zip!/jdk.unsupported" type="simple" />
            <root url="jar://C:/Program Files/Java/jdk-21/lib/src.zip!/java.smartcardio" type="simple" />
            <root url="jar://C:/Program Files/Java/jdk-21/lib/src.zip!/jdk.internal.opt" type="simple" />
            <root url="jar://C:/Program Files/Java/jdk-21/lib/src.zip!/java.datatransfer" type="simple" />
            <root url="jar://C:/Program Files/Java/jdk-21/lib/src.zip!/jdk.accessibility" type="simple" />
            <root url="jar://C:/Program Files/Java/jdk-21/lib/src.zip!/jdk.crypto.mscapi" type="simple" />
            <root url="jar://C:/Program Files/Java/jdk-21/lib/src.zip!/jdk.hotspot.agent" type="simple" />
            <root url="jar://C:/Program Files/Java/jdk-21/lib/src.zip!/jdk.security.auth" type="simple" />
            <root url="jar://C:/Program Files/Java/jdk-21/lib/src.zip!/jdk.security.jgss" type="simple" />
            <root url="jar://C:/Program Files/Java/jdk-21/lib/src.zip!/java.security.jgss" type="simple" />
            <root url="jar://C:/Program Files/Java/jdk-21/lib/src.zip!/java.security.sasl" type="simple" />
            <root url="jar://C:/Program Files/Java/jdk-21/lib/src.zip!/jdk.internal.vm.ci" type="simple" />
            <root url="jar://C:/Program Files/Java/jdk-21/lib/src.zip!/jdk.management.jfr" type="simple" />
            <root url="jar://C:/Program Files/Java/jdk-21/lib/src.zip!/java.management.rmi" type="simple" />
            <root url="jar://C:/Program Files/Java/jdk-21/lib/src.zip!/java.transaction.xa" type="simple" />
            <root url="jar://C:/Program Files/Java/jdk-21/lib/src.zip!/jdk.crypto.cryptoki" type="simple" />
            <root url="jar://C:/Program Files/Java/jdk-21/lib/src.zip!/jdk.incubator.vector" type="simple" />
            <root url="jar://C:/Program Files/Java/jdk-21/lib/src.zip!/jdk.internal.jvmstat" type="simple" />
            <root url="jar://C:/Program Files/Java/jdk-21/lib/src.zip!/jdk.management.agent" type="simple" />
            <root url="jar://C:/Program Files/Java/jdk-21/lib/src.zip!/jdk.unsupported.desktop" type="simple" />
            <root url="jar://C:/Program Files/Java/jdk-21/lib/src.zip!/jdk.internal.vm.compiler" type="simple" />
            <root url="jar://C:/Program Files/Java/jdk-21/lib/src.zip!/jdk.internal.vm.compiler.management" type="simple" />
          </root>
        </sourcePath>
      </roots>
    </jdk>
    <jdk version="2">
      <name value="17" />
      <type value="JavaSDK" />
      <version value="Oracle OpenJDK 17.0.8" />
      <homePath value="C:/Program Files/Java/jdk-17" />
      <roots>
        <annotationsPath>
          <root type="composite" />
        </annotationsPath>
        <classPath>
          <root type="composite">
            <root url="jrt://C:/Program Files/Java/jdk-17!/java.base" type="simple" />
            <root url="jrt://C:/Program Files/Java/jdk-17!/java.compiler" type="simple" />
            <root url="jrt://C:/Program Files/Java/jdk-17!/java.datatransfer" type="simple" />
            <root url="jrt://C:/Program Files/Java/jdk-17!/java.desktop" type="simple" />
            <root url="jrt://C:/Program Files/Java/jdk-17!/java.instrument" type="simple" />
            <root url="jrt://C:/Program Files/Java/jdk-17!/java.logging" type="simple" />
            <root url="jrt://C:/Program Files/Java/jdk-17!/java.management" type="simple" />
            <root url="jrt://C:/Program Files/Java/jdk-17!/java.management.rmi" type="simple" />
            <root url="jrt://C:/Program Files/Java/jdk-17!/java.naming" type="simple" />
            <root url="jrt://C:/Program Files/Java/jdk-17!/java.net.http" type="simple" />
            <root url="jrt://C:/Program Files/Java/jdk-17!/java.prefs" type="simple" />
            <root url="jrt://C:/Program Files/Java/jdk-17!/java.rmi" type="simple" />
            <root url="jrt://C:/Program Files/Java/jdk-17!/java.scripting" type="simple" />
            <root url="jrt://C:/Program Files/Java/jdk-17!/java.se" type="simple" />
            <root url="jrt://C:/Program Files/Java/jdk-17!/java.security.jgss" type="simple" />
            <root url="jrt://C:/Program Files/Java/jdk-17!/java.security.sasl" type="simple" />
            <root url="jrt://C:/Program Files/Java/jdk-17!/java.smartcardio" type="simple" />
            <root url="jrt://C:/Program Files/Java/jdk-17!/java.sql" type="simple" />
            <root url="jrt://C:/Program Files/Java/jdk-17!/java.sql.rowset" type="simple" />
            <root url="jrt://C:/Program Files/Java/jdk-17!/java.transaction.xa" type="simple" />
            <root url="jrt://C:/Program Files/Java/jdk-17!/java.xml" type="simple" />
            <root url="jrt://C:/Program Files/Java/jdk-17!/java.xml.crypto" type="simple" />
            <root url="jrt://C:/Program Files/Java/jdk-17!/jdk.accessibility" type="simple" />
            <root url="jrt://C:/Program Files/Java/jdk-17!/jdk.attach" type="simple" />
            <root url="jrt://C:/Program Files/Java/jdk-17!/jdk.charsets" type="simple" />
            <root url="jrt://C:/Program Files/Java/jdk-17!/jdk.compiler" type="simple" />
            <root url="jrt://C:/Program Files/Java/jdk-17!/jdk.crypto.cryptoki" type="simple" />
            <root url="jrt://C:/Program Files/Java/jdk-17!/jdk.crypto.ec" type="simple" />
            <root url="jrt://C:/Program Files/Java/jdk-17!/jdk.crypto.mscapi" type="simple" />
            <root url="jrt://C:/Program Files/Java/jdk-17!/jdk.dynalink" type="simple" />
            <root url="jrt://C:/Program Files/Java/jdk-17!/jdk.editpad" type="simple" />
            <root url="jrt://C:/Program Files/Java/jdk-17!/jdk.hotspot.agent" type="simple" />
            <root url="jrt://C:/Program Files/Java/jdk-17!/jdk.httpserver" type="simple" />
            <root url="jrt://C:/Program Files/Java/jdk-17!/jdk.incubator.foreign" type="simple" />
            <root url="jrt://C:/Program Files/Java/jdk-17!/jdk.incubator.vector" type="simple" />
            <root url="jrt://C:/Program Files/Java/jdk-17!/jdk.internal.ed" type="simple" />
            <root url="jrt://C:/Program Files/Java/jdk-17!/jdk.internal.jvmstat" type="simple" />
            <root url="jrt://C:/Program Files/Java/jdk-17!/jdk.internal.le" type="simple" />
            <root url="jrt://C:/Program Files/Java/jdk-17!/jdk.internal.opt" type="simple" />
            <root url="jrt://C:/Program Files/Java/jdk-17!/jdk.internal.vm.ci" type="simple" />
            <root url="jrt://C:/Program Files/Java/jdk-17!/jdk.internal.vm.compiler" type="simple" />
            <root url="jrt://C:/Program Files/Java/jdk-17!/jdk.internal.vm.compiler.management" type="simple" />
            <root url="jrt://C:/Program Files/Java/jdk-17!/jdk.jartool" type="simple" />
            <root url="jrt://C:/Program Files/Java/jdk-17!/jdk.javadoc" type="simple" />
            <root url="jrt://C:/Program Files/Java/jdk-17!/jdk.jcmd" type="simple" />
            <root url="jrt://C:/Program Files/Java/jdk-17!/jdk.jconsole" type="simple" />
            <root url="jrt://C:/Program Files/Java/jdk-17!/jdk.jdeps" type="simple" />
            <root url="jrt://C:/Program Files/Java/jdk-17!/jdk.jdi" type="simple" />
            <root url="jrt://C:/Program Files/Java/jdk-17!/jdk.jdwp.agent" type="simple" />
            <root url="jrt://C:/Program Files/Java/jdk-17!/jdk.jfr" type="simple" />
            <root url="jrt://C:/Program Files/Java/jdk-17!/jdk.jlink" type="simple" />
            <root url="jrt://C:/Program Files/Java/jdk-17!/jdk.jpackage" type="simple" />
            <root url="jrt://C:/Program Files/Java/jdk-17!/jdk.jshell" type="simple" />
            <root url="jrt://C:/Program Files/Java/jdk-17!/jdk.jsobject" type="simple" />
            <root url="jrt://C:/Program Files/Java/jdk-17!/jdk.jstatd" type="simple" />
            <root url="jrt://C:/Program Files/Java/jdk-17!/jdk.localedata" type="simple" />
            <root url="jrt://C:/Program Files/Java/jdk-17!/jdk.management" type="simple" />
            <root url="jrt://C:/Program Files/Java/jdk-17!/jdk.management.agent" type="simple" />
            <root url="jrt://C:/Program Files/Java/jdk-17!/jdk.management.jfr" type="simple" />
            <root url="jrt://C:/Program Files/Java/jdk-17!/jdk.naming.dns" type="simple" />
            <root url="jrt://C:/Program Files/Java/jdk-17!/jdk.naming.rmi" type="simple" />
            <root url="jrt://C:/Program Files/Java/jdk-17!/jdk.net" type="simple" />
            <root url="jrt://C:/Program Files/Java/jdk-17!/jdk.nio.mapmode" type="simple" />
            <root url="jrt://C:/Program Files/Java/jdk-17!/jdk.random" type="simple" />
            <root url="jrt://C:/Program Files/Java/jdk-17!/jdk.sctp" type="simple" />
            <root url="jrt://C:/Program Files/Java/jdk-17!/jdk.security.auth" type="simple" />
            <root url="jrt://C:/Program Files/Java/jdk-17!/jdk.security.jgss" type="simple" />
            <root url="jrt://C:/Program Files/Java/jdk-17!/jdk.unsupported" type="simple" />
            <root url="jrt://C:/Program Files/Java/jdk-17!/jdk.unsupported.desktop" type="simple" />
            <root url="jrt://C:/Program Files/Java/jdk-17!/jdk.xml.dom" type="simple" />
            <root url="jrt://C:/Program Files/Java/jdk-17!/jdk.zipfs" type="simple" />
          </root>
        </classPath>
        <javadocPath>
          <root type="composite" />
        </javadocPath>
        <sourcePath>
          <root type="composite">
            <root url="jar://C:/Program Files/Java/jdk-17/lib/src.zip!/java.se" type="simple" />
            <root url="jar://C:/Program Files/Java/jdk-17/lib/src.zip!/jdk.jdi" type="simple" />
            <root url="jar://C:/Program Files/Java/jdk-17/lib/src.zip!/jdk.jfr" type="simple" />
            <root url="jar://C:/Program Files/Java/jdk-17/lib/src.zip!/jdk.net" type="simple" />
            <root url="jar://C:/Program Files/Java/jdk-17/lib/src.zip!/java.rmi" type="simple" />
            <root url="jar://C:/Program Files/Java/jdk-17/lib/src.zip!/java.sql" type="simple" />
            <root url="jar://C:/Program Files/Java/jdk-17/lib/src.zip!/java.xml" type="simple" />
            <root url="jar://C:/Program Files/Java/jdk-17/lib/src.zip!/jdk.jcmd" type="simple" />
            <root url="jar://C:/Program Files/Java/jdk-17/lib/src.zip!/jdk.sctp" type="simple" />
            <root url="jar://C:/Program Files/Java/jdk-17/lib/src.zip!/java.base" type="simple" />
            <root url="jar://C:/Program Files/Java/jdk-17/lib/src.zip!/jdk.jdeps" type="simple" />
            <root url="jar://C:/Program Files/Java/jdk-17/lib/src.zip!/jdk.jlink" type="simple" />
            <root url="jar://C:/Program Files/Java/jdk-17/lib/src.zip!/jdk.zipfs" type="simple" />
            <root url="jar://C:/Program Files/Java/jdk-17/lib/src.zip!/java.prefs" type="simple" />
            <root url="jar://C:/Program Files/Java/jdk-17/lib/src.zip!/jdk.attach" type="simple" />
            <root url="jar://C:/Program Files/Java/jdk-17/lib/src.zip!/jdk.jshell" type="simple" />
            <root url="jar://C:/Program Files/Java/jdk-17/lib/src.zip!/jdk.jstatd" type="simple" />
            <root url="jar://C:/Program Files/Java/jdk-17/lib/src.zip!/jdk.random" type="simple" />
            <root url="jar://C:/Program Files/Java/jdk-17/lib/src.zip!/java.naming" type="simple" />
            <root url="jar://C:/Program Files/Java/jdk-17/lib/src.zip!/jdk.editpad" type="simple" />
            <root url="jar://C:/Program Files/Java/jdk-17/lib/src.zip!/jdk.jartool" type="simple" />
            <root url="jar://C:/Program Files/Java/jdk-17/lib/src.zip!/jdk.javadoc" type="simple" />
            <root url="jar://C:/Program Files/Java/jdk-17/lib/src.zip!/jdk.xml.dom" type="simple" />
            <root url="jar://C:/Program Files/Java/jdk-17/lib/src.zip!/java.desktop" type="simple" />
            <root url="jar://C:/Program Files/Java/jdk-17/lib/src.zip!/java.logging" type="simple" />
            <root url="jar://C:/Program Files/Java/jdk-17/lib/src.zip!/jdk.charsets" type="simple" />
            <root url="jar://C:/Program Files/Java/jdk-17/lib/src.zip!/jdk.compiler" type="simple" />
            <root url="jar://C:/Program Files/Java/jdk-17/lib/src.zip!/jdk.dynalink" type="simple" />
            <root url="jar://C:/Program Files/Java/jdk-17/lib/src.zip!/jdk.jconsole" type="simple" />
            <root url="jar://C:/Program Files/Java/jdk-17/lib/src.zip!/jdk.jpackage" type="simple" />
            <root url="jar://C:/Program Files/Java/jdk-17/lib/src.zip!/jdk.jsobject" type="simple" />
            <root url="jar://C:/Program Files/Java/jdk-17/lib/src.zip!/java.compiler" type="simple" />
            <root url="jar://C:/Program Files/Java/jdk-17/lib/src.zip!/java.net.http" type="simple" />
            <root url="jar://C:/Program Files/Java/jdk-17/lib/src.zip!/jdk.crypto.ec" type="simple" />
            <root url="jar://C:/Program Files/Java/jdk-17/lib/src.zip!/java.scripting" type="simple" />
            <root url="jar://C:/Program Files/Java/jdk-17/lib/src.zip!/jdk.httpserver" type="simple" />
            <root url="jar://C:/Program Files/Java/jdk-17/lib/src.zip!/jdk.jdwp.agent" type="simple" />
            <root url="jar://C:/Program Files/Java/jdk-17/lib/src.zip!/jdk.localedata" type="simple" />
            <root url="jar://C:/Program Files/Java/jdk-17/lib/src.zip!/jdk.management" type="simple" />
            <root url="jar://C:/Program Files/Java/jdk-17/lib/src.zip!/jdk.naming.dns" type="simple" />
            <root url="jar://C:/Program Files/Java/jdk-17/lib/src.zip!/jdk.naming.rmi" type="simple" />
            <root url="jar://C:/Program Files/Java/jdk-17/lib/src.zip!/java.instrument" type="simple" />
            <root url="jar://C:/Program Files/Java/jdk-17/lib/src.zip!/java.management" type="simple" />
            <root url="jar://C:/Program Files/Java/jdk-17/lib/src.zip!/java.sql.rowset" type="simple" />
            <root url="jar://C:/Program Files/Java/jdk-17/lib/src.zip!/java.xml.crypto" type="simple" />
            <root url="jar://C:/Program Files/Java/jdk-17/lib/src.zip!/jdk.internal.ed" type="simple" />
            <root url="jar://C:/Program Files/Java/jdk-17/lib/src.zip!/jdk.internal.le" type="simple" />
            <root url="jar://C:/Program Files/Java/jdk-17/lib/src.zip!/jdk.nio.mapmode" type="simple" />
            <root url="jar://C:/Program Files/Java/jdk-17/lib/src.zip!/jdk.unsupported" type="simple" />
            <root url="jar://C:/Program Files/Java/jdk-17/lib/src.zip!/java.smartcardio" type="simple" />
            <root url="jar://C:/Program Files/Java/jdk-17/lib/src.zip!/jdk.internal.opt" type="simple" />
            <root url="jar://C:/Program Files/Java/jdk-17/lib/src.zip!/java.datatransfer" type="simple" />
            <root url="jar://C:/Program Files/Java/jdk-17/lib/src.zip!/jdk.accessibility" type="simple" />
            <root url="jar://C:/Program Files/Java/jdk-17/lib/src.zip!/jdk.crypto.mscapi" type="simple" />
            <root url="jar://C:/Program Files/Java/jdk-17/lib/src.zip!/jdk.hotspot.agent" type="simple" />
            <root url="jar://C:/Program Files/Java/jdk-17/lib/src.zip!/jdk.security.auth" type="simple" />
            <root url="jar://C:/Program Files/Java/jdk-17/lib/src.zip!/jdk.security.jgss" type="simple" />
            <root url="jar://C:/Program Files/Java/jdk-17/lib/src.zip!/java.security.jgss" type="simple" />
            <root url="jar://C:/Program Files/Java/jdk-17/lib/src.zip!/java.security.sasl" type="simple" />
            <root url="jar://C:/Program Files/Java/jdk-17/lib/src.zip!/jdk.internal.vm.ci" type="simple" />
            <root url="jar://C:/Program Files/Java/jdk-17/lib/src.zip!/jdk.management.jfr" type="simple" />
            <root url="jar://C:/Program Files/Java/jdk-17/lib/src.zip!/java.management.rmi" type="simple" />
            <root url="jar://C:/Program Files/Java/jdk-17/lib/src.zip!/java.transaction.xa" type="simple" />
            <root url="jar://C:/Program Files/Java/jdk-17/lib/src.zip!/jdk.crypto.cryptoki" type="simple" />
            <root url="jar://C:/Program Files/Java/jdk-17/lib/src.zip!/jdk.incubator.vector" type="simple" />
            <root url="jar://C:/Program Files/Java/jdk-17/lib/src.zip!/jdk.internal.jvmstat" type="simple" />
            <root url="jar://C:/Program Files/Java/jdk-17/lib/src.zip!/jdk.management.agent" type="simple" />
            <root url="jar://C:/Program Files/Java/jdk-17/lib/src.zip!/jdk.incubator.foreign" type="simple" />
            <root url="jar://C:/Program Files/Java/jdk-17/lib/src.zip!/jdk.unsupported.desktop" type="simple" />
            <root url="jar://C:/Program Files/Java/jdk-17/lib/src.zip!/jdk.internal.vm.compiler" type="simple" />
            <root url="jar://C:/Program Files/Java/jdk-17/lib/src.zip!/jdk.internal.vm.compiler.management" type="simple" />
          </root>
        </sourcePath>
      </roots>
    </jdk>
    <jdk version="2">
      <name value="openjdk-21" />
      <type value="JavaSDK" />
      <version value="java version &quot;21.0.2&quot;" />
      <homePath value="$USER_HOME$/.jdks/openjdk-21.0.2" />
      <roots>
        <annotationsPath>
          <root type="composite" />
        </annotationsPath>
        <classPath>
          <root type="composite">
            <root url="jrt://$USER_HOME$/.jdks/openjdk-21.0.2!/java.base" type="simple" />
            <root url="jrt://$USER_HOME$/.jdks/openjdk-21.0.2!/java.compiler" type="simple" />
            <root url="jrt://$USER_HOME$/.jdks/openjdk-21.0.2!/java.datatransfer" type="simple" />
            <root url="jrt://$USER_HOME$/.jdks/openjdk-21.0.2!/java.desktop" type="simple" />
            <root url="jrt://$USER_HOME$/.jdks/openjdk-21.0.2!/java.instrument" type="simple" />
            <root url="jrt://$USER_HOME$/.jdks/openjdk-21.0.2!/java.logging" type="simple" />
            <root url="jrt://$USER_HOME$/.jdks/openjdk-21.0.2!/java.management" type="simple" />
            <root url="jrt://$USER_HOME$/.jdks/openjdk-21.0.2!/java.management.rmi" type="simple" />
            <root url="jrt://$USER_HOME$/.jdks/openjdk-21.0.2!/java.naming" type="simple" />
            <root url="jrt://$USER_HOME$/.jdks/openjdk-21.0.2!/java.net.http" type="simple" />
            <root url="jrt://$USER_HOME$/.jdks/openjdk-21.0.2!/java.prefs" type="simple" />
            <root url="jrt://$USER_HOME$/.jdks/openjdk-21.0.2!/java.rmi" type="simple" />
            <root url="jrt://$USER_HOME$/.jdks/openjdk-21.0.2!/java.scripting" type="simple" />
            <root url="jrt://$USER_HOME$/.jdks/openjdk-21.0.2!/java.se" type="simple" />
            <root url="jrt://$USER_HOME$/.jdks/openjdk-21.0.2!/java.security.jgss" type="simple" />
            <root url="jrt://$USER_HOME$/.jdks/openjdk-21.0.2!/java.security.sasl" type="simple" />
            <root url="jrt://$USER_HOME$/.jdks/openjdk-21.0.2!/java.smartcardio" type="simple" />
            <root url="jrt://$USER_HOME$/.jdks/openjdk-21.0.2!/java.sql" type="simple" />
            <root url="jrt://$USER_HOME$/.jdks/openjdk-21.0.2!/java.sql.rowset" type="simple" />
            <root url="jrt://$USER_HOME$/.jdks/openjdk-21.0.2!/java.transaction.xa" type="simple" />
            <root url="jrt://$USER_HOME$/.jdks/openjdk-21.0.2!/java.xml" type="simple" />
            <root url="jrt://$USER_HOME$/.jdks/openjdk-21.0.2!/java.xml.crypto" type="simple" />
            <root url="jrt://$USER_HOME$/.jdks/openjdk-21.0.2!/jdk.accessibility" type="simple" />
            <root url="jrt://$USER_HOME$/.jdks/openjdk-21.0.2!/jdk.attach" type="simple" />
            <root url="jrt://$USER_HOME$/.jdks/openjdk-21.0.2!/jdk.charsets" type="simple" />
            <root url="jrt://$USER_HOME$/.jdks/openjdk-21.0.2!/jdk.compiler" type="simple" />
            <root url="jrt://$USER_HOME$/.jdks/openjdk-21.0.2!/jdk.crypto.cryptoki" type="simple" />
            <root url="jrt://$USER_HOME$/.jdks/openjdk-21.0.2!/jdk.crypto.ec" type="simple" />
            <root url="jrt://$USER_HOME$/.jdks/openjdk-21.0.2!/jdk.crypto.mscapi" type="simple" />
            <root url="jrt://$USER_HOME$/.jdks/openjdk-21.0.2!/jdk.dynalink" type="simple" />
            <root url="jrt://$USER_HOME$/.jdks/openjdk-21.0.2!/jdk.editpad" type="simple" />
            <root url="jrt://$USER_HOME$/.jdks/openjdk-21.0.2!/jdk.hotspot.agent" type="simple" />
            <root url="jrt://$USER_HOME$/.jdks/openjdk-21.0.2!/jdk.httpserver" type="simple" />
            <root url="jrt://$USER_HOME$/.jdks/openjdk-21.0.2!/jdk.incubator.vector" type="simple" />
            <root url="jrt://$USER_HOME$/.jdks/openjdk-21.0.2!/jdk.internal.ed" type="simple" />
            <root url="jrt://$USER_HOME$/.jdks/openjdk-21.0.2!/jdk.internal.jvmstat" type="simple" />
            <root url="jrt://$USER_HOME$/.jdks/openjdk-21.0.2!/jdk.internal.le" type="simple" />
            <root url="jrt://$USER_HOME$/.jdks/openjdk-21.0.2!/jdk.internal.opt" type="simple" />
            <root url="jrt://$USER_HOME$/.jdks/openjdk-21.0.2!/jdk.internal.vm.ci" type="simple" />
            <root url="jrt://$USER_HOME$/.jdks/openjdk-21.0.2!/jdk.internal.vm.compiler" type="simple" />
            <root url="jrt://$USER_HOME$/.jdks/openjdk-21.0.2!/jdk.internal.vm.compiler.management" type="simple" />
            <root url="jrt://$USER_HOME$/.jdks/openjdk-21.0.2!/jdk.jartool" type="simple" />
            <root url="jrt://$USER_HOME$/.jdks/openjdk-21.0.2!/jdk.javadoc" type="simple" />
            <root url="jrt://$USER_HOME$/.jdks/openjdk-21.0.2!/jdk.jcmd" type="simple" />
            <root url="jrt://$USER_HOME$/.jdks/openjdk-21.0.2!/jdk.jconsole" type="simple" />
            <root url="jrt://$USER_HOME$/.jdks/openjdk-21.0.2!/jdk.jdeps" type="simple" />
            <root url="jrt://$USER_HOME$/.jdks/openjdk-21.0.2!/jdk.jdi" type="simple" />
            <root url="jrt://$USER_HOME$/.jdks/openjdk-21.0.2!/jdk.jdwp.agent" type="simple" />
            <root url="jrt://$USER_HOME$/.jdks/openjdk-21.0.2!/jdk.jfr" type="simple" />
            <root url="jrt://$USER_HOME$/.jdks/openjdk-21.0.2!/jdk.jlink" type="simple" />
            <root url="jrt://$USER_HOME$/.jdks/openjdk-21.0.2!/jdk.jpackage" type="simple" />
            <root url="jrt://$USER_HOME$/.jdks/openjdk-21.0.2!/jdk.jshell" type="simple" />
            <root url="jrt://$USER_HOME$/.jdks/openjdk-21.0.2!/jdk.jsobject" type="simple" />
            <root url="jrt://$USER_HOME$/.jdks/openjdk-21.0.2!/jdk.jstatd" type="simple" />
            <root url="jrt://$USER_HOME$/.jdks/openjdk-21.0.2!/jdk.localedata" type="simple" />
            <root url="jrt://$USER_HOME$/.jdks/openjdk-21.0.2!/jdk.management" type="simple" />
            <root url="jrt://$USER_HOME$/.jdks/openjdk-21.0.2!/jdk.management.agent" type="simple" />
            <root url="jrt://$USER_HOME$/.jdks/openjdk-21.0.2!/jdk.management.jfr" type="simple" />
            <root url="jrt://$USER_HOME$/.jdks/openjdk-21.0.2!/jdk.naming.dns" type="simple" />
            <root url="jrt://$USER_HOME$/.jdks/openjdk-21.0.2!/jdk.naming.rmi" type="simple" />
            <root url="jrt://$USER_HOME$/.jdks/openjdk-21.0.2!/jdk.net" type="simple" />
            <root url="jrt://$USER_HOME$/.jdks/openjdk-21.0.2!/jdk.nio.mapmode" type="simple" />
            <root url="jrt://$USER_HOME$/.jdks/openjdk-21.0.2!/jdk.random" type="simple" />
            <root url="jrt://$USER_HOME$/.jdks/openjdk-21.0.2!/jdk.sctp" type="simple" />
            <root url="jrt://$USER_HOME$/.jdks/openjdk-21.0.2!/jdk.security.auth" type="simple" />
            <root url="jrt://$USER_HOME$/.jdks/openjdk-21.0.2!/jdk.security.jgss" type="simple" />
            <root url="jrt://$USER_HOME$/.jdks/openjdk-21.0.2!/jdk.unsupported" type="simple" />
            <root url="jrt://$USER_HOME$/.jdks/openjdk-21.0.2!/jdk.unsupported.desktop" type="simple" />
            <root url="jrt://$USER_HOME$/.jdks/openjdk-21.0.2!/jdk.xml.dom" type="simple" />
            <root url="jrt://$USER_HOME$/.jdks/openjdk-21.0.2!/jdk.zipfs" type="simple" />
          </root>
        </classPath>
        <javadocPath>
          <root type="composite" />
        </javadocPath>
        <sourcePath>
          <root type="composite">
            <root url="jar://$USER_HOME$/.jdks/openjdk-21.0.2/lib/src.zip!/java.se" type="simple" />
            <root url="jar://$USER_HOME$/.jdks/openjdk-21.0.2/lib/src.zip!/jdk.jdi" type="simple" />
            <root url="jar://$USER_HOME$/.jdks/openjdk-21.0.2/lib/src.zip!/jdk.jfr" type="simple" />
            <root url="jar://$USER_HOME$/.jdks/openjdk-21.0.2/lib/src.zip!/jdk.net" type="simple" />
            <root url="jar://$USER_HOME$/.jdks/openjdk-21.0.2/lib/src.zip!/java.rmi" type="simple" />
            <root url="jar://$USER_HOME$/.jdks/openjdk-21.0.2/lib/src.zip!/java.sql" type="simple" />
            <root url="jar://$USER_HOME$/.jdks/openjdk-21.0.2/lib/src.zip!/java.xml" type="simple" />
            <root url="jar://$USER_HOME$/.jdks/openjdk-21.0.2/lib/src.zip!/jdk.jcmd" type="simple" />
            <root url="jar://$USER_HOME$/.jdks/openjdk-21.0.2/lib/src.zip!/jdk.sctp" type="simple" />
            <root url="jar://$USER_HOME$/.jdks/openjdk-21.0.2/lib/src.zip!/java.base" type="simple" />
            <root url="jar://$USER_HOME$/.jdks/openjdk-21.0.2/lib/src.zip!/jdk.jdeps" type="simple" />
            <root url="jar://$USER_HOME$/.jdks/openjdk-21.0.2/lib/src.zip!/jdk.jlink" type="simple" />
            <root url="jar://$USER_HOME$/.jdks/openjdk-21.0.2/lib/src.zip!/jdk.zipfs" type="simple" />
            <root url="jar://$USER_HOME$/.jdks/openjdk-21.0.2/lib/src.zip!/java.prefs" type="simple" />
            <root url="jar://$USER_HOME$/.jdks/openjdk-21.0.2/lib/src.zip!/jdk.attach" type="simple" />
            <root url="jar://$USER_HOME$/.jdks/openjdk-21.0.2/lib/src.zip!/jdk.jshell" type="simple" />
            <root url="jar://$USER_HOME$/.jdks/openjdk-21.0.2/lib/src.zip!/jdk.jstatd" type="simple" />
            <root url="jar://$USER_HOME$/.jdks/openjdk-21.0.2/lib/src.zip!/jdk.random" type="simple" />
            <root url="jar://$USER_HOME$/.jdks/openjdk-21.0.2/lib/src.zip!/java.naming" type="simple" />
            <root url="jar://$USER_HOME$/.jdks/openjdk-21.0.2/lib/src.zip!/jdk.editpad" type="simple" />
            <root url="jar://$USER_HOME$/.jdks/openjdk-21.0.2/lib/src.zip!/jdk.jartool" type="simple" />
            <root url="jar://$USER_HOME$/.jdks/openjdk-21.0.2/lib/src.zip!/jdk.javadoc" type="simple" />
            <root url="jar://$USER_HOME$/.jdks/openjdk-21.0.2/lib/src.zip!/jdk.xml.dom" type="simple" />
            <root url="jar://$USER_HOME$/.jdks/openjdk-21.0.2/lib/src.zip!/java.desktop" type="simple" />
            <root url="jar://$USER_HOME$/.jdks/openjdk-21.0.2/lib/src.zip!/java.logging" type="simple" />
            <root url="jar://$USER_HOME$/.jdks/openjdk-21.0.2/lib/src.zip!/jdk.charsets" type="simple" />
            <root url="jar://$USER_HOME$/.jdks/openjdk-21.0.2/lib/src.zip!/jdk.compiler" type="simple" />
            <root url="jar://$USER_HOME$/.jdks/openjdk-21.0.2/lib/src.zip!/jdk.dynalink" type="simple" />
            <root url="jar://$USER_HOME$/.jdks/openjdk-21.0.2/lib/src.zip!/jdk.jconsole" type="simple" />
            <root url="jar://$USER_HOME$/.jdks/openjdk-21.0.2/lib/src.zip!/jdk.jpackage" type="simple" />
            <root url="jar://$USER_HOME$/.jdks/openjdk-21.0.2/lib/src.zip!/jdk.jsobject" type="simple" />
            <root url="jar://$USER_HOME$/.jdks/openjdk-21.0.2/lib/src.zip!/java.compiler" type="simple" />
            <root url="jar://$USER_HOME$/.jdks/openjdk-21.0.2/lib/src.zip!/java.net.http" type="simple" />
            <root url="jar://$USER_HOME$/.jdks/openjdk-21.0.2/lib/src.zip!/jdk.crypto.ec" type="simple" />
            <root url="jar://$USER_HOME$/.jdks/openjdk-21.0.2/lib/src.zip!/java.scripting" type="simple" />
            <root url="jar://$USER_HOME$/.jdks/openjdk-21.0.2/lib/src.zip!/jdk.httpserver" type="simple" />
            <root url="jar://$USER_HOME$/.jdks/openjdk-21.0.2/lib/src.zip!/jdk.jdwp.agent" type="simple" />
            <root url="jar://$USER_HOME$/.jdks/openjdk-21.0.2/lib/src.zip!/jdk.localedata" type="simple" />
            <root url="jar://$USER_HOME$/.jdks/openjdk-21.0.2/lib/src.zip!/jdk.management" type="simple" />
            <root url="jar://$USER_HOME$/.jdks/openjdk-21.0.2/lib/src.zip!/jdk.naming.dns" type="simple" />
            <root url="jar://$USER_HOME$/.jdks/openjdk-21.0.2/lib/src.zip!/jdk.naming.rmi" type="simple" />
            <root url="jar://$USER_HOME$/.jdks/openjdk-21.0.2/lib/src.zip!/java.instrument" type="simple" />
            <root url="jar://$USER_HOME$/.jdks/openjdk-21.0.2/lib/src.zip!/java.management" type="simple" />
            <root url="jar://$USER_HOME$/.jdks/openjdk-21.0.2/lib/src.zip!/java.sql.rowset" type="simple" />
            <root url="jar://$USER_HOME$/.jdks/openjdk-21.0.2/lib/src.zip!/java.xml.crypto" type="simple" />
            <root url="jar://$USER_HOME$/.jdks/openjdk-21.0.2/lib/src.zip!/jdk.internal.ed" type="simple" />
            <root url="jar://$USER_HOME$/.jdks/openjdk-21.0.2/lib/src.zip!/jdk.internal.le" type="simple" />
            <root url="jar://$USER_HOME$/.jdks/openjdk-21.0.2/lib/src.zip!/jdk.nio.mapmode" type="simple" />
            <root url="jar://$USER_HOME$/.jdks/openjdk-21.0.2/lib/src.zip!/jdk.unsupported" type="simple" />
            <root url="jar://$USER_HOME$/.jdks/openjdk-21.0.2/lib/src.zip!/java.smartcardio" type="simple" />
            <root url="jar://$USER_HOME$/.jdks/openjdk-21.0.2/lib/src.zip!/jdk.internal.opt" type="simple" />
            <root url="jar://$USER_HOME$/.jdks/openjdk-21.0.2/lib/src.zip!/java.datatransfer" type="simple" />
            <root url="jar://$USER_HOME$/.jdks/openjdk-21.0.2/lib/src.zip!/jdk.accessibility" type="simple" />
            <root url="jar://$USER_HOME$/.jdks/openjdk-21.0.2/lib/src.zip!/jdk.crypto.mscapi" type="simple" />
            <root url="jar://$USER_HOME$/.jdks/openjdk-21.0.2/lib/src.zip!/jdk.hotspot.agent" type="simple" />
            <root url="jar://$USER_HOME$/.jdks/openjdk-21.0.2/lib/src.zip!/jdk.security.auth" type="simple" />
            <root url="jar://$USER_HOME$/.jdks/openjdk-21.0.2/lib/src.zip!/jdk.security.jgss" type="simple" />
            <root url="jar://$USER_HOME$/.jdks/openjdk-21.0.2/lib/src.zip!/java.security.jgss" type="simple" />
            <root url="jar://$USER_HOME$/.jdks/openjdk-21.0.2/lib/src.zip!/java.security.sasl" type="simple" />
            <root url="jar://$USER_HOME$/.jdks/openjdk-21.0.2/lib/src.zip!/jdk.internal.vm.ci" type="simple" />
            <root url="jar://$USER_HOME$/.jdks/openjdk-21.0.2/lib/src.zip!/jdk.management.jfr" type="simple" />
            <root url="jar://$USER_HOME$/.jdks/openjdk-21.0.2/lib/src.zip!/java.management.rmi" type="simple" />
            <root url="jar://$USER_HOME$/.jdks/openjdk-21.0.2/lib/src.zip!/java.transaction.xa" type="simple" />
            <root url="jar://$USER_HOME$/.jdks/openjdk-21.0.2/lib/src.zip!/jdk.crypto.cryptoki" type="simple" />
            <root url="jar://$USER_HOME$/.jdks/openjdk-21.0.2/lib/src.zip!/jdk.incubator.vector" type="simple" />
            <root url="jar://$USER_HOME$/.jdks/openjdk-21.0.2/lib/src.zip!/jdk.internal.jvmstat" type="simple" />
            <root url="jar://$USER_HOME$/.jdks/openjdk-21.0.2/lib/src.zip!/jdk.management.agent" type="simple" />
            <root url="jar://$USER_HOME$/.jdks/openjdk-21.0.2/lib/src.zip!/jdk.unsupported.desktop" type="simple" />
            <root url="jar://$USER_HOME$/.jdks/openjdk-21.0.2/lib/src.zip!/jdk.internal.vm.compiler" type="simple" />
            <root url="jar://$USER_HOME$/.jdks/openjdk-21.0.2/lib/src.zip!/jdk.internal.vm.compiler.management" type="simple" />
          </root>
        </sourcePath>
      </roots>
    </jdk>
    <jdk version="2">
      <name value="1.8" />
      <type value="JavaSDK" />
      <version value="java version &quot;1.8.0_401&quot;" />
      <homePath value="C:/Program Files/Java/jdk-1.8" />
      <roots>
        <annotationsPath>
          <root type="composite" />
        </annotationsPath>
        <classPath>
          <root type="composite">
            <root url="jar://C:/Program Files/Java/jdk-1.8/jre/lib/charsets.jar!/" type="simple" />
            <root url="jar://C:/Program Files/Java/jdk-1.8/jre/lib/deploy.jar!/" type="simple" />
            <root url="jar://C:/Program Files/Java/jdk-1.8/jre/lib/ext/access-bridge-64.jar!/" type="simple" />
            <root url="jar://C:/Program Files/Java/jdk-1.8/jre/lib/ext/cldrdata.jar!/" type="simple" />
            <root url="jar://C:/Program Files/Java/jdk-1.8/jre/lib/ext/dnsns.jar!/" type="simple" />
            <root url="jar://C:/Program Files/Java/jdk-1.8/jre/lib/ext/jaccess.jar!/" type="simple" />
            <root url="jar://C:/Program Files/Java/jdk-1.8/jre/lib/ext/jfxrt.jar!/" type="simple" />
            <root url="jar://C:/Program Files/Java/jdk-1.8/jre/lib/ext/localedata.jar!/" type="simple" />
            <root url="jar://C:/Program Files/Java/jdk-1.8/jre/lib/ext/nashorn.jar!/" type="simple" />
            <root url="jar://C:/Program Files/Java/jdk-1.8/jre/lib/ext/sunec.jar!/" type="simple" />
            <root url="jar://C:/Program Files/Java/jdk-1.8/jre/lib/ext/sunjce_provider.jar!/" type="simple" />
            <root url="jar://C:/Program Files/Java/jdk-1.8/jre/lib/ext/sunmscapi.jar!/" type="simple" />
            <root url="jar://C:/Program Files/Java/jdk-1.8/jre/lib/ext/sunpkcs11.jar!/" type="simple" />
            <root url="jar://C:/Program Files/Java/jdk-1.8/jre/lib/ext/zipfs.jar!/" type="simple" />
            <root url="jar://C:/Program Files/Java/jdk-1.8/jre/lib/javaws.jar!/" type="simple" />
            <root url="jar://C:/Program Files/Java/jdk-1.8/jre/lib/jce.jar!/" type="simple" />
            <root url="jar://C:/Program Files/Java/jdk-1.8/jre/lib/jfr.jar!/" type="simple" />
            <root url="jar://C:/Program Files/Java/jdk-1.8/jre/lib/jfxswt.jar!/" type="simple" />
            <root url="jar://C:/Program Files/Java/jdk-1.8/jre/lib/jsse.jar!/" type="simple" />
            <root url="jar://C:/Program Files/Java/jdk-1.8/jre/lib/management-agent.jar!/" type="simple" />
            <root url="jar://C:/Program Files/Java/jdk-1.8/jre/lib/plugin.jar!/" type="simple" />
            <root url="jar://C:/Program Files/Java/jdk-1.8/jre/lib/resources.jar!/" type="simple" />
            <root url="jar://C:/Program Files/Java/jdk-1.8/jre/lib/rt.jar!/" type="simple" />
          </root>
        </classPath>
        <javadocPath>
          <root type="composite" />
        </javadocPath>
        <sourcePath>
          <root type="composite">
            <root url="jar://C:/Program Files/Java/jdk-1.8/src.zip!/" type="simple" />
            <root url="jar://C:/Program Files/Java/jdk-1.8/javafx-src.zip!/" type="simple" />
          </root>
        </sourcePath>
      </roots>
    </jdk>
  </component>
</application>