<application>
  <component name="BuildProcessSatisfactionSurveyStore">
    <option name="daysWithGradleBuilds" value="66" />
    <option name="firstKotlinGradleBuildTime" value="1723234076" />
    <option name="lastKotlinGradleBuildTime" value="1739317494" />
    <option name="nextCountedGradleBuild" value="1739403894" />
    <option name="userSawSurvey" value="true" />
  </component>
  <component name="KotlinNewUserTracker">
    <option name="firstKtFileOpened" value="1714430694" />
    <option name="lastKtFileOpened" value="1739317471" />
    <option name="newKtUserSince" value="1714430694" />
  </component>
</application>