<application>
  <component name="BuildProcessSatisfactionSurveyStore">
    <option name="daysWithGradleBuilds" value="13" />
    <option name="firstKotlinGradleBuildTime" value="1723234076" />
    <option name="lastKotlinGradleBuildTime" value="1725818367" />
    <option name="nextCountedGradleBuild" value="1725892098" />
    <option name="userSawSurvey" value="true" />
  </component>
  <component name="KotlinNewUserTracker">
    <option name="firstKtFileOpened" value="1714430694" />
    <option name="lastKtFileOpened" value="1726607015" />
    <option name="newKtUserSince" value="1714430694" />
  </component>
</application>