<application>
  <component name="BuildProcessSatisfactionSurveyStore">
    <option name="daysWithGradleBuilds" value="65" />
    <option name="firstKotlinGradleBuildTime" value="1723234076" />
    <option name="lastKotlinGradleBuildTime" value="1738877899" />
    <option name="nextCountedGradleBuild" value="1738964299" />
    <option name="userSawSurvey" value="true" />
  </component>
  <component name="KotlinNewUserTracker">
    <option name="firstKtFileOpened" value="1714430694" />
    <option name="lastKtFileOpened" value="1739315444" />
    <option name="newKtUserSince" value="1714430694" />
  </component>
</application>