<application>
  <component name="BuildProcessSatisfactionSurveyStore">
    <option name="daysWithGradleBuilds" value="40" />
    <option name="firstKotlinGradleBuildTime" value="1723234076" />
    <option name="lastKotlinGradleBuildTime" value="1732722128" />
    <option name="nextCountedGradleBuild" value="1732808528" />
    <option name="userSawSurvey" value="true" />
  </component>
  <component name="KotlinNewUserTracker">
    <option name="firstKtFileOpened" value="1714430694" />
    <option name="lastKtFileOpened" value="1731447336" />
    <option name="newKtUserSince" value="1714430694" />
  </component>
</application>