<application>
  <component name="ProjectManager">
    <defaultProject>
      <component name="DiscordProjectSettings">
        <option name="show" value="ASK" />
        <option name="description" value="" />
        <option name="applicationTheme" value="default" />
        <option name="iconsTheme" value="default" />
        <option name="button1Title" value="" />
        <option name="button1Url" value="" />
        <option name="button2Title" value="" />
        <option name="button2Url" value="" />
        <option name="customApplicationId" value="" />
      </component>
      <component name="ProjectViewState">
        <option name="abbreviatePackageNames" value="true" />
        <option name="autoscrollToSource" value="true" />
        <option name="flattenModules" value="true" />
        <option name="flattenPackages" value="true" />
        <option name="showLibraryContents" value="true" />
        <option name="sortByType" value="true" />
        <option name="sortKey" value="BY_TYPE" />
      </component>
      <component name="PropertiesComponent">{
  &quot;keyToString&quot;: {
    &quot;last_opened_file_path&quot;: &quot;F:/GitHub&quot;,
    &quot;settings.editor.selected.configurable&quot;: &quot;preferences.lookFeel&quot;
  }
}</component>
      <component name="VcsDirectoryMappings" defaultProject="true" />
      <component name="WindowStateProjectService">
        <state x="740" y="188" key="FileChooserDialogImpl.ideScale=90" timestamp="1725300041660">
          <screen x="0" y="0" width="1920" height="1032" />
        </state>
        <state x="740" y="188" key="FileChooserDialogImpl.ideScale=90/0.0.1920.1032/-1280.52.1280.976" timestamp="1725300041660" />
        <state x="469" y="84" key="SettingsEditor.ideScale=90" timestamp="1718367804596">
          <screen x="0" y="0" width="1920" height="1032" />
        </state>
        <state x="469" y="84" key="SettingsEditor.ideScale=90/0.0.1920.1032/-1280.52.1280.976" timestamp="1718367804596" />
      </component>
      <component name="masterDetails">
        <states>
          <state key="ProjectJDKs.UI">
            <settings>
              <last-edited>1.8</last-edited>
              <splitter-proportions>
                <option name="proportions">
                  <list>
                    <option value="0.2" />
                  </list>
                </option>
              </splitter-proportions>
            </settings>
          </state>
        </states>
      </component>
    </defaultProject>
  </component>
</application>