<application>
  <component name="ProjectManager">
    <defaultProject>
      <component name="BookmarksManager">
        <option name="groups">
          <GroupState>
            <option name="name" value="Default (Template) Project" />
          </GroupState>
        </option>
      </component>
      <component name="DiscordProjectSettings">
        <option name="show" value="ASK" />
        <option name="description" value="" />
        <option name="applicationTheme" value="default" />
        <option name="iconsTheme" value="default" />
        <option name="button1Title" value="" />
        <option name="button1Url" value="" />
        <option name="button2Title" value="" />
        <option name="button2Url" value="" />
        <option name="customApplicationId" value="" />
      </component>
      <component name="ProjectViewState">
        <option name="abbreviatePackageNames" value="true" />
        <option name="autoscrollToSource" value="true" />
        <option name="flattenModules" value="true" />
        <option name="hideEmptyMiddlePackages" value="true" />
        <option name="showExcludedFiles" value="false" />
        <option name="showLibraryContents" value="true" />
        <option name="sortByType" value="true" />
        <option name="sortKey" value="BY_TYPE" />
      </component>
      <component name="PropertiesComponent">{
  &quot;keyToString&quot;: {
    &quot;last_opened_file_path&quot;: &quot;F:/GitHub&quot;,
    &quot;settings.editor.selected.configurable&quot;: &quot;preferences.lookFeel&quot;
  }
}</component>
      <component name="VcsDirectoryMappings" defaultProject="true" />
      <component name="WindowStateProjectService">
        <state x="248" y="240" key="#SSH_Configurations.ideScale=90" timestamp="1738877150392">
          <screen x="0" y="0" width="1920" height="1032" />
        </state>
        <state x="248" y="240" key="#SSH_Configurations.ideScale=90/0.0.1920.1032/-1280.52.1280.976" timestamp="1738877150392" />
      </component>
      <component name="masterDetails">
        <states>
          <state key="ProjectJDKs.UI">
            <settings>
              <last-edited>17</last-edited>
              <splitter-proportions>
                <option name="proportions">
                  <list>
                    <option value="0.2" />
                  </list>
                </option>
              </splitter-proportions>
            </settings>
          </state>
        </states>
      </component>
    </defaultProject>
  </component>
</application>