<application>
  <component name="SettingsSyncSettings">
    <option name="disabledSubcategories">
      <map>
        <entry key="PLUGINS">
          <value>
            <list>
              <option value="club.nutsoft.Github3Theme" />
              <option value="com.demonwav.minecraft-dev" />
              <option value="com.dsoftware.ghtoolbar" />
              <option value="com.github.camork.fileExpander" />
              <option value="com.github.iyashpal.intellijgithubthemes" />
              <option value="com.intellij.ml.llm" />
              <option value="com.jetbrains.space" />
              <option value="com.tang" />
              <option value="dev.gabrielchl.intellij-pets" />
              <option value="me.x150.intellij-code-screenshots" />
              <option value="org.intellij.scala" />
              <option value="org.jetbrains.compose.desktop.ide" />
              <option value="org.wavescale.sourcesync" />
            </list>
          </value>
        </entry>
      </map>
    </option>
    <option name="migrationFromOldStorageChecked" value="true" />
  </component>
</application>