<application>
  <component name="SshLocalRecentConnectionsManager">
    <option name="connections">
      <list>
        <LocalRecentConnectionState>
          <option name="configId" value="d0e98f0a-7a5c-418d-bbf5-630a48a375fe" />
          <option name="projects">
            <list>
              <RecentProjectState>
                <option name="date" value="1738626912403" />
                <option name="latestUsedIde">
                  <RecentProjectInstalledIde>
                    <option name="buildNumber" value="242.24807.4" />
                    <option name="pathToIde" value="/home/artems/.cache/JetBrains/RemoteDev/dist/951f5b99b8987_ideaIU-2024.2.5" />
                    <option name="productCode" value="IU" />
                  </RecentProjectInstalledIde>
                </option>
                <option name="productCode" value="IU" />
                <option name="projectPath" value="/home/artems/I-Want-To-Control-My-Server" />
              </RecentProjectState>
            </list>
          </option>
        </LocalRecentConnectionState>
      </list>
    </option>
  </component>
</application>