<application>
  <component name="Trusted.Paths">
    <option name="TRUSTED_PROJECT_PATHS">
      <map>
        <entry key="C:\Users\kruto\OneDrive\Рабочий стол\MinecraftTransportSimulator-slava110-1.20.1" value="true" />
        <entry key="C:\Users\kruto\OneDrive\Рабочий стол\MinecraftTransportSimulator-slava110-1.20.1-buildfix" value="true" />
        <entry key="C:\Users\kruto\OneDrive\Рабочий стол\owo-lib-1.21" value="true" />
        <entry key="F:\GitHub\AdvancementInfoContinuation" value="true" />
        <entry key="F:\GitHub\AvtoRadioPlayer" value="true" />
        <entry key="F:\GitHub\Control My Server" value="true" />
        <entry key="F:\GitHub\Redstone-Helper" value="true" />
        <entry key="F:\MinecraftTransportSimulator-slava110-1.20.1" value="true" />
        <entry key="F:\MinecraftTransportSimulator-slava110-1.20.1-buildfix" value="true" />
        <entry key="F:\RP\Controll My Server" value="true" />
      </map>
    </option>
  </component>
  <component name="Trusted.Paths.Settings">
    <option name="TRUSTED_PATHS">
      <list>
        <option value="F:\GitHub" />
      </list>
    </option>
  </component>
</application>