<application>
  <component name="Trusted.Paths">
    <option name="TRUSTED_PROJECT_PATHS">
      <map>
        <entry key="C:\Users\kruto\AppData\Local\JetBrains\IntelliJIdea2024.2\frontend\per_process_config_0\thinProject" value="true" />
        <entry key="C:\Users\kruto\AppData\Local\JetBrains\IntelliJIdea2024.2\frontend\per_process_config_0\thinProject1" value="true" />
        <entry key="C:\Users\kruto\AppData\Local\JetBrains\IntelliJIdea2024.2\frontend\per_process_config_0\thinProject2" value="true" />
        <entry key="C:\Users\kruto\AppData\Local\Temp\b29d7233-40f0-40e9-93b8-d0177243aeed_lumivoid.zip.eed" value="false" />
        <entry key="C:\Users\kruto\AppData\Local\Temp\c71c253b-63d2-4223-8f4b-dbc994d8125b_iwtcms-1.21-fabric-neoforge-quilt-template.zip.25b\fabric" value="false" />
        <entry key="C:\Users\kruto\AppData\Local\Temp\cd38d22c-b77a-4d29-bac4-ad30bbf9b00a_iwtcms-1.21-fabric-neoforge-quilt-template.zip.00a" value="true" />
        <entry key="C:\Users\kruto\AppData\Local\Temp\fb3c2673-0e9a-4049-9083-d43c90cc0ec0_iwtcms-1.21-fabric-neoforge-quilt-template.zip.ec0" value="true" />
        <entry key="C:\Users\kruto\OneDrive\Рабочий стол\MinecraftTransportSimulator-slava110-1.20.1" value="true" />
        <entry key="C:\Users\kruto\OneDrive\Рабочий стол\MinecraftTransportSimulator-slava110-1.20.1-buildfix" value="true" />
        <entry key="C:\Users\kruto\OneDrive\Рабочий стол\owo-lib-1.21" value="true" />
        <entry key="F:\GitHub\AdvancementInfoContinuation" value="true" />
        <entry key="F:\GitHub\AvtoRadioPlayer" value="true" />
        <entry key="F:\GitHub\Control My Server" value="true" />
        <entry key="F:\GitHub\Ding Advanced" value="true" />
        <entry key="F:\GitHub\Extended Command History" value="true" />
        <entry key="F:\GitHub\I-Want-To-Control-My-Server" value="true" />
        <entry key="F:\GitHub\IWTCMS" value="true" />
        <entry key="F:\GitHub\Lumivoid-s-Fabric-Developer-Helper" value="true" />
        <entry key="F:\GitHub\Lumivoids-Fabric-Developer-Helper" value="true" />
        <entry key="F:\GitHub\Lumivoids-Fabric-Developer-Helper\Lumivoids-Fabric-Developer-Helper-Gradle-Plugin" value="true" />
        <entry key="F:\GitHub\Lumivoids-Fabric-Developer-Helper\fabric-mod" value="true" />
        <entry key="F:\GitHub\Lumivoids-Fabric-Developer-Helper\gradle-plugin" value="true" />
        <entry key="F:\GitHub\ModMenu" value="true" />
        <entry key="F:\GitHub\OpenComputers" value="true" />
        <entry key="F:\GitHub\OwO-UI-Builder" value="true" />
        <entry key="F:\GitHub\Redstone-Helper" value="true" />
        <entry key="F:\GitHub\Silenceeeer" value="true" />
        <entry key="F:\GitHub\THBP" value="true" />
        <entry key="F:\GitHub\rkeyboard" value="true" />
        <entry key="F:\MinecraftTransportSimulator-slava110-1.20.1" value="true" />
        <entry key="F:\MinecraftTransportSimulator-slava110-1.20.1-buildfix" value="true" />
        <entry key="F:\RP\Controll My Server" value="true" />
        <entry key="F:\RP\IWTCMS" value="true" />
        <entry key="F:\temp\ktor" value="true" />
      </map>
    </option>
  </component>
  <component name="Trusted.Paths.Settings">
    <option name="TRUSTED_PATHS">
      <list>
        <option value="F:\GitHub" />
        <option value="F:\temp" />
      </list>
    </option>
  </component>
</application>