<application>
  <component name="DimensionService">
    <location key="find.popup.0.0.1920.1080" x="736" y="127" />
    <size key="GridCell.Tab.0.right.0.0.1920.1080" width="1920" height="108" />
    <size key="GridCell.Tab.0.left.0.0.1920.1080" width="1920" height="108" />
    <size key="GridCell.Tab.0.center.0.0.1920.1080" width="1920" height="108" />
    <size key="GridCell.Tab.0.bottom.0.0.1920.1080" width="1920" height="108" />
    <size key="GridCell.Tab.1.left.0.0.1920.1080" width="1920" height="473" />
    <size key="GridCell.Tab.1.center.0.0.1920.1080" width="1920" height="473" />
    <size key="GridCell.Tab.1.right.0.0.1920.1080" width="1920" height="473" />
    <size key="GridCell.Tab.1.bottom.0.0.1920.1080" width="1920" height="473" />
    <size key="GridCell.Tab.0.left.-1280.52.1280.1024" width="1280" height="377" />
    <size key="GridCell.Tab.0.center.-1280.52.1280.1024" width="1280" height="377" />
    <size key="GridCell.Tab.0.right.-1280.52.1280.1024" width="1280" height="377" />
    <size key="GridCell.Tab.0.bottom.-1280.52.1280.1024" width="1280" height="377" />
    <size key="GridCell.Tab.1.left.-1280.52.1280.1024" width="1280" height="242" />
    <size key="GridCell.Tab.1.center.-1280.52.1280.1024" width="1280" height="242" />
    <size key="GridCell.Tab.1.right.-1280.52.1280.1024" width="1280" height="242" />
    <size key="GridCell.Tab.1.bottom.-1280.52.1280.1024" width="1280" height="242" />
    <size key="find.popup.0.0.1920.1080" width="635" height="524" />
    <size key="GridCell.Tab.2.left.0.0.1920.1080" width="1920" height="174" />
    <size key="GridCell.Tab.2.center.0.0.1920.1080" width="1920" height="174" />
    <size key="GridCell.Tab.2.right.0.0.1920.1080" width="1920" height="174" />
    <size key="GridCell.Tab.2.bottom.0.0.1920.1080" width="1920" height="174" />
    <size key="GridCell.Tab.3.left.0.0.1920.1080" width="1920" height="174" />
    <size key="GridCell.Tab.3.center.0.0.1920.1080" width="1920" height="174" />
    <size key="GridCell.Tab.3.right.0.0.1920.1080" width="1920" height="174" />
    <size key="GridCell.Tab.3.bottom.0.0.1920.1080" width="1920" height="174" />
  </component>
  <component name="WindowManager">
    <frame x="5" y="1" width="1278" height="974" extendedState="6" />
  </component>
  <component name="WindowStateApplicationService">
    <state x="740" y="199" key="FileChooserDialogImpl.ideScale=90" timestamp="1730640530744">
      <screen x="0" y="0" width="1920" height="1032" />
    </state>
    <state x="740" y="199" key="FileChooserDialogImpl.ideScale=90/0.0.1920.1032/-1280.52.1280.976" timestamp="1730640530744" />
    <state width="814" height="117" key="ShowUsagesActions.dimensionServiceKey.ideScale=90" timestamp="1730626925785">
      <screen x="0" y="0" width="1920" height="1032" />
    </state>
    <state width="814" height="117" key="ShowUsagesActions.dimensionServiceKey.ideScale=90/0.0.1920.1032/-1280.52.1280.976" timestamp="1730626925785" />
    <state x="960" y="452" width="800" height="650" key="WELCOME_SCREEN.ideScale=90" timestamp="1730640506827">
      <screen x="0" y="0" width="1920" height="1032" />
    </state>
    <state x="960" y="452" width="800" height="650" key="WELCOME_SCREEN.ideScale=90/0.0.1920.1032/-1280.52.1280.976" timestamp="1730640506827" />
    <state x="560" y="115" width="800" height="869" key="new project wizard.ideScale=90" timestamp="1730284644423">
      <screen x="0" y="0" width="1920" height="1032" />
    </state>
    <state x="560" y="115" width="800" height="869" key="new project wizard.ideScale=90/0.0.1920.1032/-1280.52.1280.976" timestamp="1730284644423" />
  </component>
</application>