<application>
  <component name="DimensionService">
    <location key="find.popup.0.0.1920.1080" x="736" y="127" />
    <size key="GridCell.Tab.0.right.0.0.1920.1080" width="1920" height="63" />
    <size key="GridCell.Tab.0.left.0.0.1920.1080" width="1920" height="63" />
    <size key="GridCell.Tab.0.center.0.0.1920.1080" width="1920" height="63" />
    <size key="GridCell.Tab.0.bottom.0.0.1920.1080" width="1920" height="63" />
    <size key="GridCell.Tab.1.left.0.0.1920.1080" width="1920" height="63" />
    <size key="GridCell.Tab.1.center.0.0.1920.1080" width="1920" height="63" />
    <size key="GridCell.Tab.1.right.0.0.1920.1080" width="1920" height="63" />
    <size key="GridCell.Tab.1.bottom.0.0.1920.1080" width="1920" height="63" />
    <size key="GridCell.Tab.0.left.-1280.52.1280.1024" width="1280" height="242" />
    <size key="GridCell.Tab.0.center.-1280.52.1280.1024" width="1280" height="242" />
    <size key="GridCell.Tab.0.right.-1280.52.1280.1024" width="1280" height="242" />
    <size key="GridCell.Tab.0.bottom.-1280.52.1280.1024" width="1280" height="242" />
    <size key="GridCell.Tab.1.left.-1280.52.1280.1024" width="1280" height="242" />
    <size key="GridCell.Tab.1.center.-1280.52.1280.1024" width="1280" height="242" />
    <size key="GridCell.Tab.1.right.-1280.52.1280.1024" width="1280" height="242" />
    <size key="GridCell.Tab.1.bottom.-1280.52.1280.1024" width="1280" height="242" />
    <size key="find.popup.0.0.1920.1080" width="635" height="786" />
    <size key="GridCell.Tab.2.left.0.0.1920.1080" width="1920" height="174" />
    <size key="GridCell.Tab.2.center.0.0.1920.1080" width="1920" height="174" />
    <size key="GridCell.Tab.2.right.0.0.1920.1080" width="1920" height="174" />
    <size key="GridCell.Tab.2.bottom.0.0.1920.1080" width="1920" height="174" />
    <size key="GridCell.Tab.3.left.0.0.1920.1080" width="1920" height="174" />
    <size key="GridCell.Tab.3.center.0.0.1920.1080" width="1920" height="174" />
    <size key="GridCell.Tab.3.right.0.0.1920.1080" width="1920" height="174" />
    <size key="GridCell.Tab.3.bottom.0.0.1920.1080" width="1920" height="174" />
  </component>
  <component name="WindowManager">
    <frame x="-8" y="-8" width="1930" height="1042" extendedState="6" />
  </component>
  <component name="WindowStateApplicationService">
    <state x="740" y="199" key="FileChooserDialogImpl" timestamp="1721746736112">
      <screen x="0" y="0" width="1920" height="1032" />
    </state>
    <state x="740" y="199" key="FileChooserDialogImpl.ideScale=90" timestamp="1724093484359">
      <screen x="0" y="0" width="1920" height="1032" />
    </state>
    <state x="740" y="199" key="FileChooserDialogImpl.ideScale=90/0.0.1920.1032/-1280.52.1280.976" timestamp="1724093484359" />
    <state x="740" y="199" key="FileChooserDialogImpl/0.0.1920.1032/-1280.52.1280.976" timestamp="1721746736112" />
    <state x="960" y="452" width="800" height="650" key="WELCOME_SCREEN.ideScale=90" timestamp="1726262809380">
      <screen x="0" y="0" width="1920" height="1032" />
    </state>
    <state x="960" y="452" width="800" height="650" key="WELCOME_SCREEN.ideScale=90/0.0.1920.1032/-1280.52.1280.976" timestamp="1726262809380" />
    <state x="560" y="115" width="800" height="749" key="new project wizard.ideScale=90" timestamp="1724093904130">
      <screen x="0" y="0" width="1920" height="1032" />
    </state>
    <state x="560" y="115" width="800" height="749" key="new project wizard.ideScale=90/0.0.1920.1032/-1280.52.1280.976" timestamp="1724093904130" />
  </component>
</application>