<application>
  <component name="Translation.Cache">
    <option name="lastTrimTime" value="1725400907939" />
  </component>
  <component name="Translation.Settings">
    <option name="primaryLanguage" value="UKRAINIAN" />
    <option name="translateDocumentation" value="true" />
  </component>
  <component name="Translation.States">
    <option name="translationDialogHeight" value="260" />
    <option name="translationDialogLocationX" value="659" />
    <option name="translationDialogLocationY" value="385" />
    <histories>
      <item value="preLaunch (not recommended for general use): The earliest possible entrypoint, which is called just before the game launches. Use with caution to not interfere with the game's initialization. Uses the type PreLaunchEntryPoint and will call onPreLaunch." />
      <item value="While some extra assertions to clarify might certainly be of help, this is not a bug.&#10;&#10;The only circumstance under which a component returns a null focus handler is when it's not correctly mounted - in which state it also does not support being drawn.&#10;&#10;May I inquire how you discovered this? Likely your component was not mounted, but if we can rule that out there might be a different bug somewhere&#10;&#10;Cheers" />
      <item value="обратная совместимость" />
      <item value="обратная совместимо" />
      <item value="Мод підтримує різні мови! Хочеш додати свою? Переклади його на Crowdin!\n/redstone-helper crowdin" />
      <item value="коли небуть" />
      <item value="коли небу" />
      <item value="коли не" />
      <item value="коли" />
      <item value="колись" />
      <item value="колись..." />
      <item value="ВИПУСТІТЬ МЕНЕ ЗВІДСИ" />
      <item value="ВИПУСТІТЬ МЕНЕ ЗВІД" />
      <item value="ВИПУСТІТЬ МЕНЕ ЗВІ" />
      <item value="ВИПУСТІТЬ МЕ" />
      <item value="ВИПУСТІ" />
      <item value="ВИПУ" />
      <item value="Хочеш більше автоматизації? Використовуй макроси і забудь про рутину!" />
      <item value="Хочеш більше автоматизації? Використовуй макроси /macro і забудь про рутину!" />
      <item value="Хочеш більше автоматизації? Використовуй /macro і забудь про рутину!" />
      <item value="Хочеш більше автоматизації? Використову /macro і забудь про рутину!" />
      <item value="Хочеш більше автоматизації? ви /macro і забудь про рутину!" />
      <item value="Хочеш більше автоматизації? Введи /macro і забудь про рутину!" />
      <item value="Хочеш більше автоматизації? В /macro і забудь про рутину!" />
      <item value="Хочеш більше автоматизації? Включи /macro і забудь про рутину!" />
      <item value="Хочеш більше автоматизації? Включи /autowire і забудь про рутину!" />
      <item value="заміна" />
      <item value="Скажи «ні» затримкам — використовуй /instaLamp для миттєвого вимикання ламп!" />
      <item value="Треба швидко дістатися кудись? Введи /quicktp і готово!" />
      <item value="Обережно з /clear-inventory! Вона очистить навіть найважливіші предмети зі скринь!" />
      <item value="Обережно з /clear-inventory! Вона очистить навіть найважливіші предмети зі скринь" />
      <item value="Обережно з /clear-inventory! Вона очистить навіть найважливіші предмети зі " />
      <item value="Обережно з /clear-inventory! Вона очистить навіть найважливіші предмети з" />
      <item value="Обережно з /clear-inventory! Вона очистить навіть найважливіші предмети " />
      <item value="Обережно з /clear-inventory! Вона очистить навіть найважливіші пред" />
      <item value="Обережно з /clear-inventory! Вона очистить навіть найважливіші пре" />
      <item value="Обережно з /clear-inventory! Вона очистить навіть найважливіші" />
      <item value="Обережно з /clear-inventory! Вона очистить навіть найваж" />
      <item value="Обережно з /clear-inventory! Вона очистить навіть най" />
      <item value="Обережно з /clear-inventory! Вона очистить навіть " />
      <item value="Обережно з /clear-inventory! Вона очистить наві" />
      <item value="Обережно з /clear-inventory! Вона очи" />
      <item value="Обережно з /clear-inventory! Вона " />
      <item value="Обережно з /clear-inventory! " />
      <item value="Обережно з /clear-inventory" />
      <item value="Обережно з /clear" />
      <item value="Обережно з /cre" />
      <item value="Обережно з " />
      <item value="Обережно " />
      <item value="Обере" />
    </histories>
    <option name="languageScores">
      <map>
        <entry key="ENGLISH" value="5" />
        <entry key="FRENCH" value="1" />
        <entry key="UKRAINIAN" value="11" />
        <entry key="VIETNAMESE" value="2" />
      </map>
    </option>
  </component>
</application>