<application>
  <component name="Translation.Cache">
    <option name="lastTrimTime" value="1731441596332" />
  </component>
  <component name="Translation.Settings">
    <option name="primaryLanguage" value="UKRAINIAN" />
    <option name="translateDocumentation" value="true" />
  </component>
  <component name="Translation.States">
    <option name="translationDialogHeight" value="517" />
    <option name="translationDialogLocationX" value="468" />
    <option name="translationDialogLocationY" value="256" />
    <option name="translationDialogWidth" value="982" />
    <histories>
      <item value="suspend" />
      <item value="обработать" />
      <item value="обра" />
      <item value="оь" />
      <item value="р" />
      <item value="Lastly you need to inject the interface into net.minecraft.fluid.FlowableFluid. The following snippet can be added to your fabric.mod.json file to add one or more interfaces to the net.minecraft.fluid.FlowableFluid class. Note that all class names here must use the “internal names” that use slashes instead of dots (path/to/my/Class). " />
      <item value=" This is a new technique introduced by Loom 0.11 to add methods into a specific existing class. More specifically, you can create an Interface, and then inject this interface into the class. As result the target class will acquire all the methods of the interface, as if it always had them. Interface injection is a compile time only feature, this means that a Mixin should also be used to implement the interface into the target class.&#10;&#10;This is particularly useful for libraries, with this you can add new methods to existing classes and use them without the need of casting or reimplementing the interface every time.&#10;&#10;Let's explain better with an example:&#10;&#10;The scope of this example is to add the following method into net.minecraft.fluid.FlowableFluid to get the sound of the bucket when emptied. This, normally, is not possible because net.minecraft.fluid.FlowableFluid does not have a similar method. " />
      <item value="найновіша" />
      <item value="най" />
      <item value="This does not occur with the modrinth task; you must use the modrinthSyncBody task separately to accomplish this. You can make sure the project body gets synced with every publish by making the modrinthSyncBody task depend on modrinth:&#10;&#10;tasks.modrinth.dependsOn(tasks.modrinthSyncBody)&#10;&#10;Be careful with this task! Once a body is changed, you cannot get it back. You can use debugMode to make sure that what's to be uploaded is what you want." />
      <item value="After, *keygen* will generate file with name &quot;keystore.jks&quot; at directory which CMD/BASH/POWERSHELL been launched" />
      <item value="Такої людини не існує" />
      <item value="Такої людини" />
      <item value="Такоє людини" />
      <item value=" людини" />
      <item value="Цієї людини" />
      <item value="Цієї " />
      <item value="Ціє" />
      <item value="Your Commo nName" />
      <item value="Your CommonName" />
      <item value="YourCommonName" />
      <item value="Ох, ледь не забув" />
      <item value="Ох, ледь" />
      <item value="Ох, " />
      <item value="Ох" />
      <item value="О" />
      <item value="випадок" />
      <item value="я майже впевнений" />
      <item value="я майже впе" />
      <item value="дуже рекомендовано" />
      <item value="дуже рекомент" />
      <item value="дуже " />
      <item value="ці" />
      <item value="Teethe" />
      <item value="заборонити" />
      <item value="заборон" />
      <item value="заборона" />
      <item value="ensures readiness" />
      <item value="ПОТЕРЯНО" />
      <item value="через" />
      <item value="чере" />
      <item value="preLaunch (not recommended for general use): The earliest possible entrypoint, which is called just before the game launches. Use with caution to not interfere with the game's initialization. Uses the type PreLaunchEntryPoint and will call onPreLaunch." />
      <item value="While some extra assertions to clarify might certainly be of help, this is not a bug.&#10;&#10;The only circumstance under which a component returns a null focus handler is when it's not correctly mounted - in which state it also does not support being drawn.&#10;&#10;May I inquire how you discovered this? Likely your component was not mounted, but if we can rule that out there might be a different bug somewhere&#10;&#10;Cheers" />
      <item value="обратная совместимость" />
      <item value="обратная совместимо" />
      <item value="Мод підтримує різні мови! Хочеш додати свою? Переклади його на Crowdin!\n/redstone-helper crowdin" />
      <item value="коли небуть" />
      <item value="коли небу" />
      <item value="коли не" />
      <item value="коли" />
    </histories>
    <option name="languageScores">
      <map>
        <entry key="ENGLISH" value="6" />
        <entry key="FRENCH" value="1" />
        <entry key="UKRAINIAN" value="19" />
        <entry key="VIETNAMESE" value="2" />
      </map>
    </option>
  </component>
</application>