<application>
  <component name="Translation.Cache">
    <option name="lastTrimTime" value="1745167777679" />
  </component>
  <component name="Translation.Settings">
    <option name="primaryLanguage" value="UKRAINIAN" />
    <option name="translateDocumentation" value="true" />
  </component>
  <component name="Translation.States">
    <option name="translationDialogHeight" value="517" />
    <option name="translationDialogLocationX" value="468" />
    <option name="translationDialogLocationY" value="260" />
    <option name="translationDialogWidth" value="982" />
    <histories>
      <item value="properly" />
      <item value="сопоставить" />
      <item value="сопос" />
      <item value="по" />
      <item value="Педаль зчеплення" />
      <item value="clutch pedal" />
      <item value="agains all odds" />
      <item value="against" />
      <item value="against all" />
      <item value="against all " />
      <item value="against all odds" />
      <item value="odds" />
      <item value="отчёт" />
      <item value="отч" />
      <item value="отч'" />
      <item value="лишний" />
      <item value="дополнительный" />
      <item value="extra" />
      <item value="лиш" />
      <item value="Svelte: A form label must be associated with a control" />
      <item value="Svelte: A form label must be associated with a controlhttps://svelte.dev/e/a11y_label_has_associated_control" />
      <item value="Svelte: A form label must be associated with a control&gt;https://svelte.dev/e/a11y_label_has_associated_control" />
      <item value="&lt;html&gt;Svelte: A form label must be associated with a control&gt;https://svelte.dev/e/a11y_label_has_associated_control" />
      <item value="&lt;html&gt;Svelte: A form label must be associated with a control&lt;br/&gt;https://svelte.dev/e/a11y_label_has_associated_control" />
      <item value="The TypeScript option verbatimModuleSyntax is now required when using Svelte files with lang=&quot;ts&quot;. Please add it to your tsconfig.json." />
      <item value="DECISION FOUND, idk how it works but simply change &#10;plugins: [svelte()]plugins: [svelte()]&#10;to&#10;plugins: [svelte({&#10;      preprocess: vitePreprocess()&#10;})]plugins: [svelte({&#10;      preprocess: vitePreprocess()&#10;})]&#10;resolves problem" />
      <item value="рішення" />
      <item value="Я не хочу розділяти свій проект на папки типу &quot;frontend&quot; та &quot;backend&quot;. Все одно потім все буде спаковано у jar файл. Не бачу сенсу розділяти по суті один й тей же проект" />
      <item value="Я не хочу розділяти свій проект на папки типу &quot;frontend&quot; та &quot;backend&quot;. Все одно потім все буде спаковано у jar файл. Не бачу сенсу розділяти по суті один й тей же проєкт" />
      <item value="Я не хочу розділяти свій проект на папки типу &quot;frontend&quot; та &quot;backend&quot;. Все одно потім все буде спаковано у jar файл. Не бачу сенсу розділяти по суті один й тей же про" />
      <item value="Я не хочу розділяти свій проект на папки типу &quot;frontend&quot; та &quot;backend&quot;. Все одно потім все буде спаковано у jar файл. Не бачу сенсу розділяти по суті од" />
      <item value="Я не хочу розділяти свій проект на папки типу &quot;frontend&quot; та &quot;backend&quot;. Все одно потім все буде спаковано у jar файл. Не бачу сенсу розділяти по суті " />
      <item value="Я не хочу розділяти свій проект на папки типу &quot;frontend&quot; та &quot;backend&quot;. Все одно потім все буде спаковано у jar файл. Не бачу сенсу роз" />
      <item value="Я не хочу розділяти свій проект на папки типу &quot;frontend&quot; та &quot;backend&quot;. Все одно потім все буде спаковано у jar файл. Не бачу сену" />
      <item value="Я не хочу розділяти свій проект на папки типу &quot;frontend&quot; та &quot;backend&quot;. Все одно потім все буде спаковано у jar файл. " />
      <item value="Я не хочу розділяти свій проект на папки типу &quot;frontend&quot; та &quot;backend&quot;. Все одно потім все буде спаковано у jar файл." />
      <item value="Я не хочу розділяти свій проект на папки типу &quot;frontend&quot; та &quot;backend&quot;. Все одно потім все буде спаковано у jar файл. Так " />
      <item value="Я не хочу розділяти свій проект на папки типу &quot;frontend&quot; та &quot;backend&quot;. Все одно потім все буде спаковано разом у jar файл." />
      <item value="Я не хочу розділяти свій проект на папки типу &quot;frontend&quot; та &quot;backend&quot;. Все одно потім все буде спаковано разом  у jar файл." />
      <item value="Я не хочу розділяти свій проект на папки типу &quot;frontend&quot; та &quot;backend&quot;. Все одно потім все буде спаковано разом з frontend у jar файл." />
      <item value="Я не хочу розділяти свій проект на папки типу &quot;frontend&quot; та &quot;backend&quot;. Все одно потім все буде спаковано разом з frontend у jar файлю" />
      <item value="Я не хочу розділяти свій проект на папки типу &quot;frontend&quot; та &quot;backend&quot;. Все одно потім все буде спаковано разом з frontend у jar файл" />
      <item value="Я не хочу розділяти свій проект на папки типу &quot;frontend&quot; та &quot;backend&quot;. Все одно потім все буде спаковано разом з frontend у jar файл, через щ" />
      <item value="Я не хочу розділяти свій проект на папки типу &quot;frontend&quot; та &quot;backend&quot;. Все одно потім все буде спаковано разом з frontend у jar файл, через що" />
      <item value="Я не хочу розділяти свій проект на папки типу &quot;frontend&quot; та &quot;backend&quot;. Все одно потім все буде спаковано разом з frontend у jar файл," />
      <item value="Я не хочу розділяти свій проект на папки типу &quot;frontend&quot; та &quot;backend&quot;. Anyway потім все буде спаковано разом з frontend у jar файл," />
      <item value="Я не хочу розділяти свій проект на папки типу &quot;frontend&quot; та &quot;backend&quot;. Any потім все буде спаковано разом з frontend у jar файл," />
      <item value="Я не хочу розділяти свій проект на папки типу &quot;frontend&quot; та &quot;backend&quot;.  потім все буде спаковано разом з frontend у jar файл," />
      <item value="Я не хочу розділяти свій проект на папки типу &quot;frontend&quot; та &quot;backend&quot;. все одно потім все буде спаковано разом з frontend у jar файл," />
      <item value="Я не хочу розділяти свій проект на папки типу &quot;frontend&quot; та &quot;backend&quot;. все одно потім все буде спаковано разом з frontend у jar фай" />
    </histories>
    <option name="languageScores">
      <map>
        <entry key="ENGLISH" value="18" />
        <entry key="FRENCH" value="1" />
        <entry key="RUSSIAN" value="4" />
        <entry key="UKRAINIAN" value="46" />
        <entry key="VIETNAMESE" value="2" />
      </map>
    </option>
  </component>
</application>