<application>
  <component name="Translation.Cache">
    <option name="lastTrimTime" value="1739123928220" />
  </component>
  <component name="Translation.Settings">
    <option name="primaryLanguage" value="UKRAINIAN" />
    <option name="translateDocumentation" value="true" />
  </component>
  <component name="Translation.States">
    <option name="translationDialogHeight" value="517" />
    <option name="translationDialogLocationX" value="468" />
    <option name="translationDialogLocationY" value="256" />
    <option name="translationDialogWidth" value="982" />
    <histories>
      <item value="expand" />
      <item value="ділянках" />
      <item value="ділянка" />
      <item value="окремих" />
      <item value="уникнути" />
      <item value="у" />
      <item value="подвійний" />
      <item value="подвій" />
      <item value="потрійний" />
      <item value="triple" />
      <item value="tri" />
      <item value="tr" />
      <item value="однакові" />
      <item value="одна" />
      <item value="let's be brief" />
      <item value="уязвимость" />
      <item value="уяз" />
      <item value="невідомо" />
      <item value="і він не задумувався для ручного використання" />
      <item value="і він не задумувався для рп" />
      <item value="і він не задумувався для " />
      <item value="і він не заду" />
      <item value="і він не за" />
      <item value="indices" />
      <item value="збільшуємо список" />
      <item value="збільшує" />
      <item value="з" />
      <item value="місця для звільнення" />
      <item value="index.html вистачит" />
      <item value="index.html вистачить" />
      <item value="index.html вистачи" />
      <item value="index.html виста" />
      <item value="index.html " />
      <item value="компіляція" />
      <item value="suspending" />
      <item value="Inapplicable candidate(s): fun clear(name: String): Unit" />
      <item value="назва" />
      <item value="точка входу" />
      <item value="Proxy Protocol is a way to send the true client IP to your origin server. It is required that the origin server (at the local address) supports the proxy protocol. Often there is a configuration option in your server settings to allow &amp; handle proxy protocol connections." />
      <item value="слідкування" />
      <item value="вирівняти" />
      <item value="і по боках від нього" />
      <item value="і по бо" />
      <item value="і по " />
      <item value="Якщо ви бачите це повідомлення - увімкніть js в налаштуваннях браузера." />
      <item value="Якщо ви бачите це повідомлення - увімкніть js в налаштуваннях браузераю" />
      <item value="Якщо ви бачите це повідомлення - увімкніть js в налаштуваннях браузера" />
      <item value="Якщо ви бачите це повідомлення - увімкніть js в налаштуваннях" />
      <item value="Якщо ви бачите це пові - увімкніть js в налаштуваннях" />
      <item value="Я - увімкніть js в налаштуваннях" />
    </histories>
    <option name="languageScores">
      <map>
        <entry key="ENGLISH" value="9" />
        <entry key="FRENCH" value="1" />
        <entry key="UKRAINIAN" value="30" />
        <entry key="VIETNAMESE" value="2" />
      </map>
    </option>
  </component>
</application>